repo_id,early_4week_stars,early_avg_weekly_stars,early_max_weekly_stars,became_high_growth,archived,is_fork,topic_count,has_ai_topic,has_ml_topic,has_deep_learning_topic,has_data_science_topic,has_web_topic,has_llm_topic,early_peak_to_average_ratio,language_grouped_C++,language_grouped_JavaScript,language_grouped_Jupyter Notebook,language_grouped_MDX,language_grouped_Other,language_grouped_Python,language_grouped_Rust,language_grouped_TypeScript,language_grouped_Unknown,license_grouped_AGPL-3.0,license_grouped_Apache-2.0,license_grouped_GPL-3.0,license_grouped_MIT,license_grouped_NOASSERTION,license_grouped_No License,license_grouped_Other
576201,1.0221918988208023,2.2961036735407165,1.3763811465942686,0,-0.08333333333333333,0.0,0.0,-0.6925256939166183,1.806849712165608,-0.3396831102433787,-0.2252213082307254,0.8765230646861663,-0.5214689104456789,-1.0838567118036344,-0.18898223650461357,2.2453655975512463,-0.20776300831933314,-0.14535047493345277,-0.28651274358884277,-0.6708203932499369,-0.18898223650461357,-0.5428101483418094,-0.31382295723042386,-0.18898223650461357,-0.45643546458763845,-0.16843038421330378,1.0940611029415572,-0.45643546458763845,-0.25724787771376323,-0.28651274358884277
858127,-0.40880419380354277,-0.5619462521894825,-0.2029631176487189,1,-0.08333333333333333,0.0,0.0,-0.6925256939166183,-0.55344946138406,-0.3396831102433787,4.44007721940573,-1.1408712905438991,-0.5214689104456789,2.277632648695102,-0.18898223650461357,-0.44536177141512323,-0.20776300831933314,-0.14535047493345277,-0.28651274358884277,1.49071198499986,-0.18898223650461357,-0.5428101483418094,-0.31382295723042386,-0.18898223650461357,-0.45643546458763845,-0.16843038421330378,-0.9140257315714276,-0.45643546458763845,-0.25724787771376323,3.4902461491731755
931135,1.0221918988208023,2.2961036735407165,1.3763811465942686,0,-0.08333333333333333,0.0,0.0,-0.6925256939166183,-0.55344946138406,-0.3396831102433787,-0.2252213082307254,0.8765230646861663,-0.5214689104456789,-1.0838567118036344,-0.18898223650461357,2.2453655975512463,-0.20776300831933314,-0.14535047493345277,-0.28651274358884277,-0.6708203932499369,-0.18898223650461357,-0.5428101483418094,-0.31382295723042386,-0.18898223650461357,-0.45643546458763845,-0.16843038421330378,-0.9140257315714276,-0.45643546458763845,-0.25724787771376323,3.4902461491731755
1362490,1.0221918988208023,2.2961036735407165,1.3763811465942686,0,-0.08333333333333333,0.0,0.0,-0.6925256939166183,-0.55344946138406,-0.3396831102433787,-0.2252213082307254,-1.1408712905438991,-0.5214689104456789,-1.0838567118036344,-0.18898223650461357,-0.44536177141512323,-0.20776300831933314,-0.14535047493345277,-0.28651274358884277,1.49071198499986,-0.18898223650461357,-0.5428101483418094,-0.31382295723042386,-0.18898223650461357,2.1908902300206643,-0.16843038421330378,-0.9140257315714276,-0.45643546458763845,-0.25724787771376323,-0.28651274358884277
1644196,0.41642359490524444,-0.2741492218839287,0.6671537846888937,0,-0.08333333333333333,0.0,0.0,-0.6925256939166183,1.806849712165608,-0.3396831102433787,-0.2252213082307254,-1.1408712905438991,-0.5214689104456789,2.256250430749067,-0.18898223650461357,-0.44536177141512323,-0.20776300831933314,-0.14535047493345277,3.4902461491731755,-0.6708203932499369,-0.18898223650461357,-0.5428101483418094,-0.31382295723042386,-0.18898223650461357,-0.45643546458763845,-0.16843038421330378,1.0940611029415572,-0.45643546458763845,-0.25724787771376323,-0.28651274358884277
2126244,1.0221918988208023,2.2961036735407165,1.3763811465942686,0,-0.08333333333333333,0.0,0.0,-0.6925256939166183,1.806849712165608,-0.3396831102433787,-0.2252213082307254,0.8765230646861663,-0.5214689104456789,-1.0838567118036344,-0.18898223650461357,-0.44536177141512323,-0.20776300831933314,6.8799224801834304,-0.28651274358884277,-0.6708203932499369,-0.18898223650461357,-0.5428101483418094,-0.31382295723042386,-0.18898223650461357,-0.45643546458763845,-0.16843038421330378,1.0940611029415572,-0.45643546458763845,-0.25724787771376323,-0.28651274358884277
3214406,1.0221918988208023,2.2961036735407165,1.3763811465942686,0,-0.08333333333333333,0.0,0.0,-0.6925256939166183,-0.55344946138406,-0.3396831102433787,-0.2252213082307254,0.8765230646861663,-0.5214689104456789,-1.0838567118036344,-0.18898223650461357,2.2453655975512463,-0.20776300831933314,-0.14535047493345277,-0.28651274358884277,-0.6708203932499369,-0.18898223650461357,-0.5428101483418094,-0.31382295723042386,-0.18898223650461357,-0.45643546458763845,-0.16843038421330378,-0.9140257315714276,2.1908902300206643,-0.25724787771376323,-0.28651274358884277
4164482,1.0221918988208023,2.2961036735407165,1.3763811465942686,0,-0.08333333333333333,0.0,0.0,-0.6925256939166183,-0.55344946138406,-0.3396831102433787,-0.2252213082307254,0.8765230646861663,-0.5214689104456789,-1.0838567118036344,-0.18898223650461357,-0.44536177141512323,-0.20776300831933314,-0.14535047493345277,-0.28651274358884277,1.49071198499986,-0.18898223650461357,-0.5428101483418094,-0.31382295723042386,-0.18898223650461357,-0.45643546458763845,-0.16843038421330378,-0.9140257315714276,-0.45643546458763845,-0.25724787771376323,3.4902461491731755
5108051,-0.7981193072381072,-0.6977193502753448,-0.6363798388131147,1,-0.08333333333333333,0.0,0.0,-0.6925256939166183,-0.55344946138406,2.943920288775949,-0.2252213082307254,-1.1408712905438991,-0.5214689104456789,2.094513722151264,5.2915026221291805,-0.44536177141512323,-0.20776300831933314,-0.14535047493345277,-0.28651274358884277,-0.6708203932499369,-0.18898223650461357,-0.5428101483418094,-0.31382295723042386,-0.18898223650461357,2.1908902300206643,-0.16843038421330378,-0.9140257315714276,-0.45643546458763845,-0.25724787771376323,-0.28651274358884277
5625464,-1.1633840661747834,-0.8251049210663276,-1.027111579862835,1,-0.08333333333333333,0.0,0.0,-0.6925256939166183,-0.55344946138406,-0.3396831102433787,-0.2252213082307254,-1.1408712905438991,-0.5214689104456789,1.096676726318724,-0.18898223650461357,-0.44536177141512323,-0.20776300831933314,-0.14535047493345277,3.4902461491731755,-0.6708203932499369,-0.18898223650461357,-0.5428101483418094,-0.31382295723042386,-0.18898223650461357,-0.45643546458763845,-0.16843038421330378,1.0940611029415572,-0.45643546458763845,-0.25724787771376323,-0.28651274358884277
6498492,0.7441096749389705,-0.15986916249119512,1.049676875716561,0,-0.08333333333333333,0.0,0.0,-0.6925256939166183,-0.55344946138406,-0.3396831102433787,-0.2252213082307254,0.8765230646861663,-0.5214689104456789,2.3319672113319716,-0.18898223650461357,2.2453655975512463,-0.20776300831933314,-0.14535047493345277,-0.28651274358884277,-0.6708203932499369,-0.18898223650461357,-0.5428101483418094,-0.31382295723042386,-0.18898223650461357,-0.45643546458763845,-0.16843038421330378,1.0940611029415572,-0.45643546458763845,-0.25724787771376323,-0.28651274358884277
7569578,1.0221918988208023,2.2961036735407165,1.3763811465942686,0,-0.08333333333333333,0.0,0.0,1.4439897447623107,-0.55344946138406,-0.3396831102433787,-0.2252213082307254,0.8765230646861663,-0.5214689104456789,-1.0838567118036344,-0.18898223650461357,-0.44536177141512323,-0.20776300831933314,-0.14535047493345277,3.4902461491731755,-0.6708203932499369,-0.18898223650461357,-0.5428101483418094,-0.31382295723042386,-0.18898223650461357,-0.45643546458763845,-0.16843038421330378,-0.9140257315714276,-0.45643546458763845,-0.25724787771376323,3.4902461491731755
7741856,0.3097001468208658,-0.3113688742549566,0.21075284346274975,0,-0.08333333333333333,0.0,0.0,-0.6925256939166183,-0.55344946138406,-0.3396831102433787,-0.2252213082307254,0.8765230646861663,-0.5214689104456789,1.3146077980577404,-0.18898223650461357,-0.44536177141512323,-0.20776300831933314,-0.14535047493345277,-0.28651274358884277,-0.6708203932499369,-0.18898223650461357,1.8422647458873531,-0.31382295723042386,-0.18898223650461357,-0.45643546458763845,-0.16843038421330378,1.0940611029415572,-0.45643546458763845,-0.25724787771376323,-0.28651274358884277
9384267,1.0221918988208023,0.19922184982083466,1.0480351457121506,0,-0.08333333333333333,0.0,0.0,-0.6925256939166183,1.806849712165608,-0.3396831102433787,-0.2252213082307254,0.8765230646861663,-0.5214689104456789,0.7660143808034247,5.2915026221291805,-0.44536177141512323,-0.20776300831933314,-0.14535047493345277,-0.28651274358884277,-0.6708203932499369,-0.18898223650461357,-0.5428101483418094,-0.31382295723042386,-0.18898223650461357,-0.45643546458763845,-0.16843038421330378,1.0940611029415572,-0.45643546458763845,-0.25724787771376323,-0.28651274358884277
9852918,-1.2250130995756219,-0.8465979597594564,-1.082930400012795,1,-0.08333333333333333,0.0,0.0,-0.6925256939166183,-0.55344946138406,-0.3396831102433787,-0.2252213082307254,0.8765230646861663,-0.5214689104456789,-1.2119117434528939,-0.18898223650461357,2.2453655975512463,-0.20776300831933314,-0.14535047493345277,-0.28651274358884277,-0.6708203932499369,-0.18898223650461357,-0.5428101483418094,-0.31382295723042386,-0.18898223650461357,-0.45643546458763845,-0.16843038421330378,1.0940611029415572,-0.45643546458763845,-0.25724787771376323,-0.28651274358884277
10270250,0.7591411465001505,-0.15462695793189543,0.5604413344022054,0,-0.08333333333333333,0.0,0.0,-0.6925256939166183,-0.55344946138406,-0.3396831102433787,-0.2252213082307254,0.8765230646861663,-0.5214689104456789,1.2576209281274153,-0.18898223650461357,2.2453655975512463,-0.20776300831933314,-0.14535047493345277,-0.28651274358884277,-0.6708203932499369,-0.18898223650461357,-0.5428101483418094,-0.31382295723042386,-0.18898223650461357,-0.45643546458763845,-0.16843038421330378,1.0940611029415572,-0.45643546458763845,-0.25724787771376323,-0.28651274358884277
10744183,-1.2265162467317399,-0.8471221802153864,-1.0845721300172058,1,-0.08333333333333333,0.0,0.0,1.4439897447623107,1.806849712165608,-0.3396831102433787,-0.2252213082307254,-1.1408712905438991,-0.5214689104456789,-1.6628079289551632,-0.18898223650461357,-0.44536177141512323,-0.20776300831933314,-0.14535047493345277,3.4902461491731755,-0.6708203932499369,-0.18898223650461357,-0.5428101483418094,-0.31382295723042386,-0.18898223650461357,-0.45643546458763845,5.9371710435189575,-0.9140257315714276,-0.45643546458763845,-0.25724787771376323,-0.28651274358884277
11730342,-1.2250130995756219,-0.8465979597594564,-1.082930400012795,1,-0.08333333333333333,0.0,0.0,-0.6925256939166183,-0.55344946138406,-0.3396831102433787,-0.2252213082307254,0.8765230646861663,-0.5214689104456789,-1.2119117434528939,-0.18898223650461357,-0.44536177141512323,-0.20776300831933314,-0.14535047493345277,-0.28651274358884277,-0.6708203932499369,-0.18898223650461357,1.8422647458873531,-0.31382295723042386,-0.18898223650461357,-0.45643546458763845,-0.16843038421330378,1.0940611029415572,-0.45643546458763845,-0.25724787771376323,-0.28651274358884277
12256376,-1.2265162467317399,-0.8471221802153864,-1.0845721300172058,1,-0.08333333333333333,0.0,0.0,-0.6925256939166183,-0.55344946138406,-0.3396831102433787,-0.2252213082307254,0.8765230646861663,-0.5214689104456789,-1.6628079289551632,-0.18898223650461357,-0.44536177141512323,-0.20776300831933314,-0.14535047493345277,-0.28651274358884277,-0.6708203932499369,-0.18898223650461357,1.8422647458873531,-0.31382295723042386,-0.18898223650461357,-0.45643546458763845,-0.16843038421330378,1.0940611029415572,-0.45643546458763845,-0.25724787771376323,-0.28651274358884277
12888993,-1.2265162467317399,-0.8471221802153864,-1.0845721300172058,1,-0.08333333333333333,0.0,0.0,-0.6925256939166183,-0.55344946138406,-0.3396831102433787,-0.2252213082307254,-1.1408712905438991,-0.5214689104456789,-1.6628079289551632,-0.18898223650461357,-0.44536177141512323,-0.20776300831933314,-0.14535047493345277,-0.28651274358884277,1.49071198499986,-0.18898223650461357,-0.5428101483418094,-0.31382295723042386,-0.18898223650461357,2.1908902300206643,-0.16843038421330378,-0.9140257315714276,-0.45643546458763845,-0.25724787771376323,-0.28651274358884277
14098069,0.07520919046645627,-0.393147265380032,-0.46892337836323444,1,-0.08333333333333333,0.0,0.0,-0.6925256939166183,-0.55344946138406,-0.3396831102433787,-0.2252213082307254,0.8765230646861663,-0.5214689104456789,-0.24732703017180557,-0.18898223650461357,-0.44536177141512323,-0.20776300831933314,-0.14535047493345277,-0.28651274358884277,-0.6708203932499369,-0.18898223650461357,-0.5428101483418094,3.186510027262766,-0.18898223650461357,-0.45643546458763845,5.9371710435189575,-0.9140257315714276,-0.45643546458763845,-0.25724787771376323,-0.28651274358884277
14440270,1.0221918988208023,0.19922184982083466,0.397910063965557,0,-0.08333333333333333,0.0,0.0,1.4439897447623107,-0.55344946138406,-0.3396831102433787,-0.2252213082307254,0.8765230646861663,-0.5214689104456789,-0.1504350090626077,-0.18898223650461357,-0.44536177141512323,-0.20776300831933314,-0.14535047493345277,-0.28651274358884277,-0.6708203932499369,-0.18898223650461357,-0.5428101483418094,3.186510027262766,-0.18898223650461357,-0.45643546458763845,-0.16843038421330378,-0.9140257315714276,2.1908902300206643,-0.25724787771376323,-0.28651274358884277
15062869,0.3021844110402757,-0.3139899765346064,0.1220994232245779,1,-0.08333333333333333,0.0,0.0,1.4439897447623107,-0.55344946138406,-0.3396831102433787,-0.2252213082307254,0.8765230646861663,-0.5214689104456789,1.0876273812717097,-0.18898223650461357,-0.44536177141512323,-0.20776300831933314,-0.14535047493345277,-0.28651274358884277,-0.6708203932499369,-0.18898223650461357,1.8422647458873531,-0.31382295723042386,-0.18898223650461357,-0.45643546458763845,-0.16843038421330378,1.0940611029415572,-0.45643546458763845,-0.25724787771376323,-0.28651274358884277
19745004,-0.45089231417484704,-0.5766244249555217,-0.6199625387690088,1,-0.08333333333333333,0.0,0.0,-0.6925256939166183,-0.55344946138406,-0.3396831102433787,-0.2252213082307254,-1.1408712905438991,-0.5214689104456789,0.27107941846078526,-0.18898223650461357,-0.44536177141512323,-0.20776300831933314,-0.14535047493345277,-0.28651274358884277,1.49071198499986,-0.18898223650461357,-0.5428101483418094,-0.31382295723042386,-0.18898223650461357,-0.45643546458763845,-0.16843038421330378,-0.9140257315714276,2.1908902300206643,-0.25724787771376323,-0.28651274358884277
20929025,1.0221918988208023,-0.06288837814415059,1.0529603357253823,0,-0.08333333333333333,0.0,0.0,-0.6925256939166183,-0.55344946138406,-0.3396831102433787,-0.2252213082307254,0.8765230646861663,-0.5214689104456789,1.7754467986400275,-0.18898223650461357,-0.44536177141512323,-0.20776300831933314,-0.14535047493345277,-0.28651274358884277,-0.6708203932499369,-0.18898223650461357,1.8422647458873531,-0.31382295723042386,-0.18898223650461357,2.1908902300206643,-0.16843038421330378,-0.9140257315714276,-0.45643546458763845,-0.25724787771376323,-0.28651274358884277
21289110,1.0221918988208023,0.7234423057508051,1.3402630864972356,0,-0.08333333333333333,0.0,0.0,-0.6925256939166183,-0.55344946138406,-0.3396831102433787,-0.2252213082307254,-1.1408712905438991,-0.5214689104456789,0.039310161456199144,-0.18898223650461357,-0.44536177141512323,-0.20776300831933314,-0.14535047493345277,-0.28651274358884277,1.49071198499986,-0.18898223650461357,-0.5428101483418094,-0.31382295723042386,-0.18898223650461357,-0.45643546458763845,-0.16843038421330378,-0.9140257315714276,2.1908902300206643,-0.25724787771376323,-0.28651274358884277
22670857,-1.2144910694827957,-0.8429284165679467,-1.0796469400039739,1,-0.08333333333333333,0.0,0.0,-0.6925256939166183,-0.55344946138406,-0.3396831102433787,-0.2252213082307254,0.8765230646861663,-0.5214689104456789,-1.083084261880817,-0.18898223650461357,-0.44536177141512323,-0.20776300831933314,-0.14535047493345277,-0.28651274358884277,-0.6708203932499369,-0.18898223650461357,-0.5428101483418094,3.186510027262766,-0.18898223650461357,-0.45643546458763845,-0.16843038421330378,-0.9140257315714276,-0.45643546458763845,3.8873012632301998,-0.28651274358884277
22887094,-1.2235099524195039,-0.8460737393035265,-1.082930400012795,1,-0.08333333333333333,0.0,0.0,-0.6925256939166183,1.806849712165608,-0.3396831102433787,-0.2252213082307254,-1.1408712905438991,-0.5214689104456789,-1.3149737287105554,5.2915026221291805,-0.44536177141512323,-0.20776300831933314,-0.14535047493345277,-0.28651274358884277,-0.6708203932499369,-0.18898223650461357,-0.5428101483418094,-0.31382295723042386,-0.18898223650461357,2.1908902300206643,-0.16843038421330378,-0.9140257315714276,-0.45643546458763845,-0.25724787771376323,-0.28651274358884277
23083156,-1.2235099524195039,-0.8460737393035265,-1.082930400012795,1,-0.08333333333333333,0.0,0.0,-0.6925256939166183,-0.55344946138406,-0.3396831102433787,-0.2252213082307254,0.8765230646861663,-0.5214689104456789,-1.3149737287105554,-0.18898223650461357,2.2453655975512463,-0.20776300831933314,-0.14535047493345277,-0.28651274358884277,-0.6708203932499369,-0.18898223650461357,-0.5428101483418094,-0.31382295723042386,-0.18898223650461357,-0.45643546458763845,-0.16843038421330378,1.0940611029415572,-0.45643546458763845,-0.25724787771376323,-0.28651274358884277
23088740,-1.0581637652465228,-0.7884094891512298,-0.9909935197658021,1,-0.08333333333333333,0.0,0.0,-0.6925256939166183,-0.55344946138406,-0.3396831102433787,-0.2252213082307254,0.8765230646861663,-0.5214689104456789,-0.0009334166753710726,-0.18898223650461357,2.2453655975512463,-0.20776300831933314,-0.14535047493345277,-0.28651274358884277,-0.6708203932499369,-0.18898223650461357,-0.5428101483418094,-0.31382295723042386,-0.18898223650461357,-0.45643546458763845,-0.16843038421330378,1.0940611029415572,-0.45643546458763845,-0.25724787771376323,-0.28651274358884277
24195339,-1.1693966547992556,-0.8272018028900475,-1.063229639959868,1,-0.08333333333333333,0.0,0.0,-0.6925256939166183,-0.55344946138406,-0.3396831102433787,-0.2252213082307254,0.8765230646861663,-0.5214689104456789,-0.831030493587623,-0.18898223650461357,-0.44536177141512323,-0.20776300831933314,-0.14535047493345277,-0.28651274358884277,-0.6708203932499369,-0.18898223650461357,1.8422647458873531,-0.31382295723042386,-0.18898223650461357,-0.45643546458763845,-0.16843038421330378,1.0940611029415572,-0.45643546458763845,-0.25724787771376323,-0.28651274358884277
26066727,1.0221918988208023,0.7234423057508051,0.25507955358183565,0,-0.08333333333333333,0.0,0.0,-0.6925256939166183,1.806849712165608,-0.3396831102433787,-0.2252213082307254,0.8765230646861663,-0.5214689104456789,-0.9811887571487081,-0.18898223650461357,-0.44536177141512323,-0.20776300831933314,-0.14535047493345277,-0.28651274358884277,-0.6708203932499369,-0.18898223650461357,1.8422647458873531,-0.31382295723042386,-0.18898223650461357,-0.45643546458763845,-0.16843038421330378,1.0940611029415572,-0.45643546458763845,-0.25724787771376323,-0.28651274358884277
27193779,1.0221918988208023,0.7234423057508051,0.6228270745698078,0,-0.08333333333333333,0.0,0.0,-0.6925256939166183,-0.55344946138406,-0.3396831102433787,-0.2252213082307254,0.8765230646861663,-0.5214689104456789,-0.6353615895730663,-0.18898223650461357,2.2453655975512463,-0.20776300831933314,-0.14535047493345277,-0.28651274358884277,-0.6708203932499369,-0.18898223650461357,-0.5428101483418094,-0.31382295723042386,-0.18898223650461357,-0.45643546458763845,-0.16843038421330378,-0.9140257315714276,2.1908902300206643,-0.25724787771376323,-0.28651274358884277
28457823,-1.1618809190186654,-0.8245807006103977,-1.0320367698760669,1,-0.08333333333333333,0.0,0.0,-0.6925256939166183,-0.55344946138406,-0.3396831102433787,-0.2252213082307254,0.8765230646861663,-0.5214689104456789,0.7583909158847529,-0.18898223650461357,-0.44536177141512323,-0.20776300831933314,-0.14535047493345277,-0.28651274358884277,-0.6708203932499369,-0.18898223650461357,1.8422647458873531,-0.31382295723042386,-0.18898223650461357,-0.45643546458763845,-0.16843038421330378,-0.9140257315714276,-0.45643546458763845,-0.25724787771376323,3.4902461491731755
29028775,-1.1393337116768953,-0.8167173937714481,-1.0057690898054974,1,-0.08333333333333333,0.0,0.0,-0.6925256939166183,-0.55344946138406,-0.3396831102433787,-0.2252213082307254,0.8765230646861663,-0.5214689104456789,1.2006756387150916,5.2915026221291805,-0.44536177141512323,-0.20776300831933314,-0.14535047493345277,-0.28651274358884277,-0.6708203932499369,-0.18898223650461357,-0.5428101483418094,-0.31382295723042386,-0.18898223650461357,-0.45643546458763845,-0.16843038421330378,1.0940611029415572,-0.45643546458763845,-0.25724787771376323,-0.28651274358884277
32689863,-1.2250130995756219,-0.8465979597594564,-1.082930400012795,1,-0.08333333333333333,0.0,0.0,-0.6925256939166183,-0.55344946138406,-0.3396831102433787,-0.2252213082307254,-1.1408712905438991,-0.5214689104456789,-1.2119117434528939,-0.18898223650461357,-0.44536177141512323,-0.20776300831933314,-0.14535047493345277,-0.28651274358884277,1.49071198499986,-0.18898223650461357,-0.5428101483418094,-0.31382295723042386,-0.18898223650461357,-0.45643546458763845,-0.16843038421330378,1.0940611029415572,-0.45643546458763845,-0.25724787771376323,-0.28651274358884277
33614304,1.0221918988208023,0.7234423057508051,1.371455956581037,0,-0.08333333333333333,0.0,0.0,-0.6925256939166183,-0.55344946138406,-0.3396831102433787,-0.2252213082307254,-1.1408712905438991,-0.5214689104456789,0.06864371584877588,-0.18898223650461357,-0.44536177141512323,-0.20776300831933314,-0.14535047493345277,-0.28651274358884277,1.49071198499986,-0.18898223650461357,-0.5428101483418094,-0.31382295723042386,-0.18898223650461357,-0.45643546458763845,-0.16843038421330378,1.0940611029415572,-0.45643546458763845,-0.25724787771376323,-0.28651274358884277
33884891,-0.46742693289214515,-0.5823908499707513,-0.6642892488880947,1,-0.08333333333333333,0.0,0.0,1.4439897447623107,1.806849712165608,-0.3396831102433787,4.44007721940573,-1.1408712905438991,-0.5214689104456789,0.08088333477917613,-0.18898223650461357,-0.44536177141512323,-0.20776300831933314,-0.14535047493345277,-0.28651274358884277,1.49071198499986,-0.18898223650461357,-0.5428101483418094,-0.31382295723042386,-0.18898223650461357,2.1908902300206643,-0.16843038421330378,-0.9140257315714276,-0.45643546458763845,-0.25724787771376323,-0.28651274358884277
34526884,1.0221918988208023,2.2961036735407165,1.3763811465942686,0,-0.08333333333333333,0.0,0.0,-0.6925256939166183,-0.55344946138406,-0.3396831102433787,-0.2252213082307254,0.8765230646861663,-0.5214689104456789,-1.0838567118036344,-0.18898223650461357,-0.44536177141512323,-0.20776300831933314,-0.14535047493345277,-0.28651274358884277,-0.6708203932499369,-0.18898223650461357,1.8422647458873531,-0.31382295723042386,-0.18898223650461357,-0.45643546458763845,-0.16843038421330378,1.0940611029415572,-0.45643546458763845,-0.25724787771376323,-0.28651274358884277
35866694,1.0221918988208023,0.19922184982083466,0.23866225353772977,0,-0.08333333333333333,0.0,0.0,-0.6925256939166183,-0.55344946138406,-0.3396831102433787,-0.2252213082307254,0.8765230646861663,-0.5214689104456789,-0.3749188242570651,-0.18898223650461357,-0.44536177141512323,-0.20776300831933314,-0.14535047493345277,-0.28651274358884277,-0.6708203932499369,-0.18898223650461357,1.8422647458873531,-0.31382295723042386,-0.18898223650461357,-0.45643546458763845,-0.16843038421330378,-0.9140257315714276,2.1908902300206643,-0.25724787771376323,-0.28651274358884277
39464018,-1.2084784808583238,-0.8408315347442268,-1.0681548299730999,1,-0.08333333333333333,0.0,0.0,-0.6925256939166183,-0.55344946138406,-0.3396831102433787,4.44007721940573,0.8765230646861663,-0.5214689104456789,0.3082525390976137,-0.18898223650461357,-0.44536177141512323,-0.20776300831933314,-0.14535047493345277,-0.28651274358884277,-0.6708203932499369,-0.18898223650461357,1.8422647458873531,-0.31382295723042386,-0.18898223650461357,2.1908902300206643,-0.16843038421330378,-0.9140257315714276,-0.45643546458763845,-0.25724787771376323,-0.28651274358884277
43441403,-1.1618809190186654,-0.8245807006103977,-1.0615879099554575,1,-0.08333333333333333,0.0,0.0,-0.6925256939166183,-0.55344946138406,-0.3396831102433787,-0.2252213082307254,0.8765230646861663,-0.5214689104456789,-0.8784759087957537,-0.18898223650461357,-0.44536177141512323,-0.20776300831933314,-0.14535047493345277,-0.28651274358884277,-0.6708203932499369,-0.18898223650461357,1.8422647458873531,-0.31382295723042386,-0.18898223650461357,-0.45643546458763845,-0.16843038421330378,-0.9140257315714276,2.1908902300206643,-0.25724787771376323,-0.28651274358884277
45717250,1.0221918988208023,2.2961036735407165,1.3763811465942686,0,-0.08333333333333333,0.0,0.0,-0.6925256939166183,1.806849712165608,2.943920288775949,-0.2252213082307254,-1.1408712905438991,-0.5214689104456789,-1.0838567118036344,5.2915026221291805,-0.44536177141512323,-0.20776300831933314,-0.14535047493345277,-0.28651274358884277,-0.6708203932499369,-0.18898223650461357,-0.5428101483418094,-0.31382295723042386,-0.18898223650461357,2.1908902300206643,-0.16843038421330378,-0.9140257315714276,-0.45643546458763845,-0.25724787771376323,-0.28651274358884277
47018239,1.0221918988208023,0.7234423057508051,0.4471619640978747,0,12.0,0.0,0.0,1.4439897447623107,-0.55344946138406,-0.3396831102433787,-0.2252213082307254,0.8765230646861663,-0.5214689104456789,-0.8005558169417882,-0.18898223650461357,-0.44536177141512323,-0.20776300831933314,-0.14535047493345277,-0.28651274358884277,-0.6708203932499369,-0.18898223650461357,-0.5428101483418094,3.186510027262766,-0.18898223650461357,-0.45643546458763845,-0.16843038421330378,-0.9140257315714276,-0.45643546458763845,3.8873012632301998,-0.28651274358884277
54173593,1.0221918988208023,0.7234423057508051,1.3566803865413415,0,-0.08333333333333333,0.0,0.0,-0.6925256939166183,1.806849712165608,-0.3396831102433787,-0.2252213082307254,0.8765230646861663,-0.5214689104456789,0.05474887429439748,-0.18898223650461357,-0.44536177141512323,-0.20776300831933314,-0.14535047493345277,-0.28651274358884277,-0.6708203932499369,-0.18898223650461357,1.8422647458873531,-0.31382295723042386,-0.18898223650461357,-0.45643546458763845,-0.16843038421330378,1.0940611029415572,-0.45643546458763845,-0.25724787771376323,-0.28651274358884277
58028038,-1.1498557417697215,-0.820386936962958,-1.035320229884888,1,-0.08333333333333333,0.0,0.0,-0.6925256939166183,-0.55344946138406,-0.3396831102433787,-0.2252213082307254,-1.1408712905438991,-0.5214689104456789,0.19427297065587784,-0.18898223650461357,-0.44536177141512323,-0.20776300831933314,-0.14535047493345277,-0.28651274358884277,1.49071198499986,-0.18898223650461357,-0.5428101483418094,-0.31382295723042386,-0.18898223650461357,-0.45643546458763845,-0.16843038421330378,-0.9140257315714276,-0.45643546458763845,3.8873012632301998,-0.28651274358884277
61893399,-1.094239296993355,-0.800990780093549,-0.9581589196775903,1,-0.08333333333333333,0.0,0.0,-0.6925256939166183,-0.55344946138406,-0.3396831102433787,-0.2252213082307254,0.8765230646861663,-0.5214689104456789,1.5256722399537401,-0.18898223650461357,-0.44536177141512323,-0.20776300831933314,-0.14535047493345277,-0.28651274358884277,-0.6708203932499369,-0.18898223650461357,-0.5428101483418094,3.186510027262766,-0.18898223650461357,-0.45643546458763845,-0.16843038421330378,-0.9140257315714276,-0.45643546458763845,-0.25724787771376323,3.4902461491731755
62367558,1.0221918988208023,0.19922184982083466,1.0578855257386142,0,-0.08333333333333333,0.0,0.0,-0.6925256939166183,1.806849712165608,-0.3396831102433787,-0.2252213082307254,0.8765230646861663,-0.5214689104456789,0.7798999776195765,-0.18898223650461357,-0.44536177141512323,-0.20776300831933314,-0.14535047493345277,-0.28651274358884277,-0.6708203932499369,-0.18898223650461357,1.8422647458873531,-0.31382295723042386,-0.18898223650461357,-0.45643546458763845,-0.16843038421330378,1.0940611029415572,-0.45643546458763845,-0.25724787771376323,-0.28651274358884277
63476337,-0.8507294577022375,-0.7160670662328938,-0.899056639518809,1,-0.08333333333333333,0.0,0.0,-0.6925256939166183,-0.55344946138406,-0.3396831102433787,-0.2252213082307254,-1.1408712905438991,-0.5214689104456789,-0.1932758426504254,-0.18898223650461357,-0.44536177141512323,-0.20776300831933314,-0.14535047493345277,-0.28651274358884277,1.49071198499986,-0.18898223650461357,-0.5428101483418094,-0.31382295723042386,-0.18898223650461357,-0.45643546458763845,-0.16843038421330378,1.0940611029415572,-0.45643546458763845,-0.25724787771376323,-0.28651274358884277
63537249,1.0221918988208023,0.7234423057508051,1.3747394165898579,0,-0.08333333333333333,0.0,0.0,-0.6925256939166183,-0.55344946138406,-0.3396831102433787,-0.2252213082307254,0.8765230646861663,-0.5214689104456789,0.0717314584164155,-0.18898223650461357,2.2453655975512463,-0.20776300831933314,-0.14535047493345277,-0.28651274358884277,-0.6708203932499369,-0.18898223650461357,-0.5428101483418094,-0.31382295723042386,-0.18898223650461357,-0.45643546458763845,-0.16843038421330378,1.0940611029415572,-0.45643546458763845,-0.25724787771376323,-0.28651274358884277
65388917,-0.9845095545967404,-0.7627226868106611,-0.8760724194570607,1,-0.08333333333333333,0.0,0.0,-0.6925256939166183,-0.55344946138406,-0.3396831102433787,-0.2252213082307254,-1.1408712905438991,-0.5214689104456789,1.2701135819830964,-0.18898223650461357,-0.44536177141512323,4.813176359397885,-0.14535047493345277,-0.28651274358884277,-0.6708203932499369,-0.18898223650461357,-0.5428101483418094,-0.31382295723042386,-0.18898223650461357,-0.45643546458763845,-0.16843038421330378,1.0940611029415572,-0.45643546458763845,-0.25724787771376323,-0.28651274358884277
65600975,-1.2235099524195039,-0.8460737393035265,-1.0812886700083846,1,-0.08333333333333333,0.0,0.0,-0.6925256939166183,1.806849712165608,2.943920288775949,-0.2252213082307254,-1.1408712905438991,-0.5214689104456789,-0.8511947950510786,-0.18898223650461357,-0.44536177141512323,-0.20776300831933314,-0.14535047493345277,-0.28651274358884277,1.49071198499986,-0.18898223650461357,-0.5428101483418094,-0.31382295723042386,-0.18898223650461357,-0.45643546458763845,-0.16843038421330378,-0.9140257315714276,2.1908902300206643,-0.25724787771376323,-0.28651274358884277
65750241,-1.0521511766220508,-0.7863126073275098,-1.0024856297966762,1,-0.08333333333333333,0.0,0.0,-0.6925256939166183,-0.55344946138406,-0.3396831102433787,-0.2252213082307254,0.8765230646861663,-0.5214689104456789,-0.3350537237203704,-0.18898223650461357,-0.44536177141512323,-0.20776300831933314,-0.14535047493345277,-0.28651274358884277,-0.6708203932499369,-0.18898223650461357,1.8422647458873531,-0.31382295723042386,-0.18898223650461357,-0.45643546458763845,-0.16843038421330378,1.0940611029415572,-0.45643546458763845,-0.25724787771376323,-0.28651274358884277
67274736,1.0221918988208023,-0.06288837814415059,0.169709593352485,0,-0.08333333333333333,0.0,0.0,-0.6925256939166183,-0.55344946138406,-0.3396831102433787,-0.2252213082307254,0.8765230646861663,-0.5214689104456789,0.11645034711876062,-0.18898223650461357,-0.44536177141512323,-0.20776300831933314,-0.14535047493345277,3.4902461491731755,-0.6708203932499369,-0.18898223650461357,-0.5428101483418094,-0.31382295723042386,-0.18898223650461357,-0.45643546458763845,-0.16843038421330378,1.0940611029415572,-0.45643546458763845,-0.25724787771376323,-0.28651274358884277
70107786,1.0221918988208023,2.2961036735407165,1.3763811465942686,0,-0.08333333333333333,0.0,0.0,-0.6925256939166183,-0.55344946138406,-0.3396831102433787,-0.2252213082307254,0.8765230646861663,-0.5214689104456789,-1.0838567118036344,-0.18898223650461357,2.2453655975512463,-0.20776300831933314,-0.14535047493345277,-0.28651274358884277,-0.6708203932499369,-0.18898223650461357,-0.5428101483418094,-0.31382295723042386,-0.18898223650461357,-0.45643546458763845,-0.16843038421330378,1.0940611029415572,-0.45643546458763845,-0.25724787771376323,-0.28651274358884277
71583602,1.0221918988208023,-0.06288837814415059,0.397910063965557,0,-0.08333333333333333,0.0,0.0,-0.6925256939166183,1.806849712165608,2.943920288775949,-0.2252213082307254,0.8765230646861663,-0.5214689104456789,0.5450758243705378,-0.18898223650461357,-0.44536177141512323,-0.20776300831933314,-0.14535047493345277,-0.28651274358884277,-0.6708203932499369,-0.18898223650461357,-0.5428101483418094,3.186510027262766,-0.18898223650461357,-0.45643546458763845,-0.16843038421330378,-0.9140257315714276,-0.45643546458763845,3.8873012632301998,-0.28651274358884277
74791366,1.0221918988208023,0.7234423057508051,1.3730976865854474,0,-0.08333333333333333,0.0,0.0,-0.6925256939166183,-0.55344946138406,-0.3396831102433787,-0.2252213082307254,0.8765230646861663,-0.5214689104456789,0.07018758713259582,-0.18898223650461357,2.2453655975512463,-0.20776300831933314,-0.14535047493345277,-0.28651274358884277,-0.6708203932499369,-0.18898223650461357,-0.5428101483418094,-0.31382295723042386,-0.18898223650461357,-0.45643546458763845,-0.16843038421330378,1.0940611029415572,-0.45643546458763845,-0.25724787771376323,-0.28651274358884277
75104123,-1.1844281263604357,-0.8324440074493472,-1.0599461799510468,1,-0.08333333333333333,0.0,0.0,-0.6925256939166183,1.806849712165608,-0.3396831102433787,-0.2252213082307254,0.8765230646861663,-0.5214689104456789,-0.18129189087627887,-0.18898223650461357,2.2453655975512463,-0.20776300831933314,-0.14535047493345277,-0.28651274358884277,-0.6708203932499369,-0.18898223650461357,-0.5428101483418094,-0.31382295723042386,-0.18898223650461357,-0.45643546458763845,-0.16843038421330378,1.0940611029415572,-0.45643546458763845,-0.25724787771376323,-0.28651274358884277
79162682,1.0221918988208023,-0.06288837814415059,1.3402630864972356,0,-0.08333333333333333,0.0,0.0,-0.6925256939166183,-0.55344946138406,-0.3396831102433787,-0.2252213082307254,0.8765230646861663,-0.5214689104456789,2.315083190863488,-0.18898223650461357,-0.44536177141512323,-0.20776300831933314,-0.14535047493345277,-0.28651274358884277,-0.6708203932499369,-0.18898223650461357,1.8422647458873531,-0.31382295723042386,-0.18898223650461357,-0.45643546458763845,-0.16843038421330378,-0.9140257315714276,2.1908902300206643,-0.25724787771376323,-0.28651274358884277
80945428,-1.1273085344279512,-0.8125236301240084,-1.0090525498143186,1,-0.08333333333333333,0.0,0.0,-0.6925256939166183,-0.55344946138406,-0.3396831102433787,-0.2252213082307254,0.8765230646861663,-0.5214689104456789,0.7030913609968976,-0.18898223650461357,-0.44536177141512323,-0.20776300831933314,-0.14535047493345277,-0.28651274358884277,-0.6708203932499369,-0.18898223650461357,1.8422647458873531,-0.31382295723042386,-0.18898223650461357,-0.45643546458763845,-0.16843038421330378,1.0940611029415572,-0.45643546458763845,-0.25724787771376323,-0.28651274358884277
83222441,1.0221918988208023,2.2961036735407165,1.3763811465942686,0,-0.08333333333333333,0.0,0.0,-0.6925256939166183,-0.55344946138406,-0.3396831102433787,-0.2252213082307254,0.8765230646861663,-0.5214689104456789,-1.0838567118036344,-0.18898223650461357,-0.44536177141512323,-0.20776300831933314,-0.14535047493345277,-0.28651274358884277,1.49071198499986,-0.18898223650461357,-0.5428101483418094,-0.31382295723042386,-0.18898223650461357,-0.45643546458763845,-0.16843038421330378,-0.9140257315714276,2.1908902300206643,-0.25724787771376323,-0.28651274358884277
88011908,1.0221918988208023,-0.06288837814415059,0.1516505633039685,0,-0.08333333333333333,0.0,0.0,-0.6925256939166183,-0.55344946138406,-0.3396831102433787,-0.2252213082307254,0.8765230646861663,-0.5214689104456789,0.08253034532185737,-0.18898223650461357,-0.44536177141512323,-0.20776300831933314,-0.14535047493345277,-0.28651274358884277,-0.6708203932499369,-0.18898223650461357,-0.5428101483418094,3.186510027262766,-0.18898223650461357,-0.45643546458763845,-0.16843038421330378,1.0940611029415572,-0.45643546458763845,-0.25724787771376323,-0.28651274358884277
91629816,-1.2265162467317399,-0.8471221802153864,-1.0845721300172058,1,-0.08333333333333333,0.0,0.0,-0.6925256939166183,-0.55344946138406,-0.3396831102433787,-0.2252213082307254,-1.1408712905438991,-0.5214689104456789,-1.6628079289551632,-0.18898223650461357,-0.44536177141512323,-0.20776300831933314,-0.14535047493345277,-0.28651274358884277,1.49071198499986,-0.18898223650461357,-0.5428101483418094,-0.31382295723042386,-0.18898223650461357,-0.45643546458763845,5.9371710435189575,-0.9140257315714276,-0.45643546458763845,-0.25724787771376323,-0.28651274358884277
101138315,-0.4027916051790707,-0.5598493703657625,-0.45743126833236036,1,-0.08333333333333333,0.0,0.0,-0.6925256939166183,1.806849712165608,2.943920288775949,-0.2252213082307254,-1.1408712905438991,-0.5214689104456789,0.9522045836751607,-0.18898223650461357,-0.44536177141512323,-0.20776300831933314,-0.14535047493345277,-0.28651274358884277,1.49071198499986,-0.18898223650461357,-0.5428101483418094,-0.31382295723042386,-0.18898223650461357,2.1908902300206643,-0.16843038421330378,-0.9140257315714276,-0.45643546458763845,-0.25724787771376323,-0.28651274358884277
103633984,1.0221918988208023,-0.06288837814415059,1.1334051059415013,0,-0.08333333333333333,0.0,0.0,-0.6925256939166183,-0.55344946138406,-0.3396831102433787,-0.2252213082307254,0.8765230646861663,-0.5214689104456789,1.9265449884625965,-0.18898223650461357,-0.44536177141512323,-0.20776300831933314,-0.14535047493345277,3.4902461491731755,-0.6708203932499369,-0.18898223650461357,-0.5428101483418094,-0.31382295723042386,-0.18898223650461357,-0.45643546458763845,-0.16843038421330378,-0.9140257315714276,-0.45643546458763845,-0.25724787771376323,3.4902461491731755
107111421,1.0221918988208023,2.2961036735407165,1.3763811465942686,0,-0.08333333333333333,0.0,0.0,1.4439897447623107,1.806849712165608,-0.3396831102433787,-0.2252213082307254,0.8765230646861663,-0.5214689104456789,-1.0838567118036344,-0.18898223650461357,-0.44536177141512323,-0.20776300831933314,6.8799224801834304,-0.28651274358884277,-0.6708203932499369,-0.18898223650461357,-0.5428101483418094,-0.31382295723042386,-0.18898223650461357,-0.45643546458763845,-0.16843038421330378,-0.9140257315714276,-0.45643546458763845,3.8873012632301998,-0.28651274358884277
109343098,-1.1318179758963054,-0.8140962914917983,-1.0057690898054974,1,-0.08333333333333333,0.0,0.0,-0.6925256939166183,-0.55344946138406,-0.3396831102433787,-0.2252213082307254,0.8765230646861663,-0.5214689104456789,0.9581962559865984,-0.18898223650461357,-0.44536177141512323,-0.20776300831933314,-0.14535047493345277,-0.28651274358884277,-0.6708203932499369,-0.18898223650461357,-0.5428101483418094,3.186510027262766,-0.18898223650461357,-0.45643546458763845,-0.16843038421330378,-0.9140257315714276,-0.45643546458763845,-0.25724787771376323,3.4902461491731755
110058856,-1.2039690393899698,-0.8392588733764369,-1.0730800199863315,1,-0.08333333333333333,0.0,0.0,1.4439897447623107,-0.55344946138406,-0.3396831102433787,-0.2252213082307254,0.8765230646861663,-0.5214689104456789,-0.629387478953068,-0.18898223650461357,2.2453655975512463,-0.20776300831933314,-0.14535047493345277,-0.28651274358884277,-0.6708203932499369,-0.18898223650461357,-0.5428101483418094,-0.31382295723042386,-0.18898223650461357,-0.45643546458763845,-0.16843038421330378,1.0940611029415572,-0.45643546458763845,-0.25724787771376323,-0.28651274358884277
112507086,1.0221918988208023,0.7234423057508051,1.3747394165898579,0,-0.08333333333333333,0.0,0.0,-0.6925256939166183,1.806849712165608,-0.3396831102433787,-0.2252213082307254,0.8765230646861663,-0.5214689104456789,0.0717314584164155,-0.18898223650461357,2.2453655975512463,-0.20776300831933314,-0.14535047493345277,-0.28651274358884277,-0.6708203932499369,-0.18898223650461357,-0.5428101483418094,-0.31382295723042386,-0.18898223650461357,-0.45643546458763845,-0.16843038421330378,-0.9140257315714276,-0.45643546458763845,-0.25724787771376323,3.4902461491731755
121395510,1.0221918988208023,0.19922184982083466,0.2780637736435839,0,-0.08333333333333333,0.0,0.0,-0.6925256939166183,-0.55344946138406,-0.3396831102433787,-0.2252213082307254,-1.1408712905438991,-0.5214689104456789,-0.3193764369924569,-0.18898223650461357,-0.44536177141512323,-0.20776300831933314,-0.14535047493345277,-0.28651274358884277,-0.6708203932499369,-0.18898223650461357,-0.5428101483418094,3.186510027262766,-0.18898223650461357,-0.45643546458763845,-0.16843038421330378,-0.9140257315714276,-0.45643546458763845,3.8873012632301998,-0.28651274358884277
126577260,1.0221918988208023,0.19922184982083466,1.3730976865854474,0,-0.08333333333333333,0.0,0.0,-0.6925256939166183,-0.55344946138406,-0.3396831102433787,-0.2252213082307254,0.8765230646861663,-0.5214689104456789,1.2242390757364403,-0.18898223650461357,2.2453655975512463,-0.20776300831933314,-0.14535047493345277,-0.28651274358884277,-0.6708203932499369,-0.18898223650461357,-0.5428101483418094,-0.31382295723042386,-0.18898223650461357,-0.45643546458763845,-0.16843038421330378,1.0940611029415572,-0.45643546458763845,-0.25724787771376323,-0.28651274358884277
133442384,1.0221918988208023,2.2961036735407165,1.3763811465942686,0,-0.08333333333333333,0.0,0.0,-0.6925256939166183,-0.55344946138406,-0.3396831102433787,-0.2252213082307254,0.8765230646861663,-0.5214689104456789,-1.0838567118036344,-0.18898223650461357,-0.44536177141512323,-0.20776300831933314,-0.14535047493345277,-0.28651274358884277,-0.6708203932499369,5.2915026221291805,-0.5428101483418094,-0.31382295723042386,-0.18898223650461357,-0.45643546458763845,-0.16843038421330378,1.0940611029415572,-0.45643546458763845,-0.25724787771376323,-0.28651274358884277
135614069,-1.2069753337022058,-0.8403073142882967,-1.0763634799951527,1,-0.08333333333333333,0.0,0.0,-0.6925256939166183,-0.55344946138406,-0.3396831102433787,-0.2252213082307254,0.8765230646861663,-0.5214689104456789,-0.9174489284310039,-0.18898223650461357,2.2453655975512463,-0.20776300831933314,-0.14535047493345277,-0.28651274358884277,-0.6708203932499369,-0.18898223650461357,-0.5428101483418094,-0.31382295723042386,-0.18898223650461357,-0.45643546458763845,-0.16843038421330378,1.0940611029415572,-0.45643546458763845,-0.25724787771376323,-0.28651274358884277
135786093,0.01358015706561789,-0.41464030407316077,-0.46892337836323444,1,-0.08333333333333333,0.0,0.0,-0.6925256939166183,-0.55344946138406,-0.3396831102433787,-0.2252213082307254,0.8765230646861663,-0.5214689104456789,-0.14912368419321514,-0.18898223650461357,-0.44536177141512323,-0.20776300831933314,-0.14535047493345277,-0.28651274358884277,-0.6708203932499369,-0.18898223650461357,1.8422647458873531,-0.31382295723042386,-0.18898223650461357,-0.45643546458763845,-0.16843038421330378,1.0940611029415572,-0.45643546458763845,-0.25724787771376323,-0.28651274358884277
139824423,-0.9318994041326101,-0.7443749708531122,-0.8957731795099878,1,-0.08333333333333333,0.0,0.0,1.4439897447623107,1.806849712165608,2.943920288775949,-0.2252213082307254,-1.1408712905438991,-0.5214689104456789,0.3946427326224179,-0.18898223650461357,-0.44536177141512323,-0.20776300831933314,-0.14535047493345277,-0.28651274358884277,-0.6708203932499369,-0.18898223650461357,-0.5428101483418094,3.186510027262766,-0.18898223650461357,-0.45643546458763845,-0.16843038421330378,1.0940611029415572,-0.45643546458763845,-0.25724787771376323,-0.28651274358884277
155220641,1.0221918988208023,-0.06288837814415059,0.4307446640537688,0,-0.08333333333333333,0.0,0.0,1.4439897447623107,1.806849712165608,2.943920288775949,-0.2252213082307254,-1.1408712905438991,1.9176598642195934,0.6067485549103621,-0.18898223650461357,-0.44536177141512323,-0.20776300831933314,-0.14535047493345277,-0.28651274358884277,1.49071198499986,-0.18898223650461357,-0.5428101483418094,-0.31382295723042386,-0.18898223650461357,2.1908902300206643,-0.16843038421330378,-0.9140257315714276,-0.45643546458763845,-0.25724787771376323,-0.28651274358884277
156157055,1.0221918988208023,-0.06288837814415059,1.366530766567805,0,-0.08333333333333333,0.0,0.0,1.4439897447623107,1.806849712165608,2.943920288775949,4.44007721940573,-1.1408712905438991,1.9176598642195934,2.364421375295347,-0.18898223650461357,-0.44536177141512323,4.813176359397885,-0.14535047493345277,-0.28651274358884277,-0.6708203932499369,-0.18898223650461357,-0.5428101483418094,-0.31382295723042386,-0.18898223650461357,-0.45643546458763845,-0.16843038421330378,1.0940611029415572,-0.45643546458763845,-0.25724787771376323,-0.28651274358884277
159152904,-0.9995410261579205,-0.7679648913699608,-0.9302495096026102,1,-0.08333333333333333,0.0,0.0,1.4439897447623107,-0.55344946138406,-0.3396831102433787,-0.2252213082307254,-1.1408712905438991,1.9176598642195934,0.5284746113698806,-0.18898223650461357,-0.44536177141512323,-0.20776300831933314,-0.14535047493345277,3.4902461491731755,-0.6708203932499369,-0.18898223650461357,-0.5428101483418094,-0.31382295723042386,-0.18898223650461357,2.1908902300206643,-0.16843038421330378,-0.9140257315714276,-0.45643546458763845,-0.25724787771376323,-0.28651274358884277
160919119,-1.1288116815840692,-0.8130478505799383,-1.0451706099113516,1,-0.08333333333333333,0.0,0.0,-0.6925256939166183,-0.55344946138406,-0.3396831102433787,-0.2252213082307254,0.8765230646861663,-0.5214689104456789,-0.6542475766477392,-0.18898223650461357,-0.44536177141512323,-0.20776300831933314,-0.14535047493345277,-0.28651274358884277,1.49071198499986,-0.18898223650461357,-0.5428101483418094,-0.31382295723042386,-0.18898223650461357,-0.45643546458763845,-0.16843038421330378,1.0940611029415572,-0.45643546458763845,-0.25724787771376323,-0.28651274358884277
162998479,1.0221918988208023,0.7234423057508051,0.7131222248123903,0,-0.08333333333333333,0.0,0.0,1.4439897447623107,-0.55344946138406,-0.3396831102433787,-0.2252213082307254,-1.1408712905438991,-0.5214689104456789,-0.5504486689629757,-0.18898223650461357,-0.44536177141512323,-0.20776300831933314,-0.14535047493345277,-0.28651274358884277,1.49071198499986,-0.18898223650461357,-0.5428101483418094,-0.31382295723042386,-0.18898223650461357,-0.45643546458763845,-0.16843038421330378,1.0940611029415572,-0.45643546458763845,-0.25724787771376323,-0.28651274358884277
163591278,0.4149204477491264,-0.2746734423398587,-0.16848678755609653,0,-0.08333333333333333,0.0,0.0,1.4439897447623107,-0.55344946138406,-0.3396831102433787,-0.2252213082307254,0.8765230646861663,-0.5214689104456789,0.1143086213854686,-0.18898223650461357,-0.44536177141512323,-0.20776300831933314,-0.14535047493345277,-0.28651274358884277,-0.6708203932499369,-0.18898223650461357,-0.5428101483418094,3.186510027262766,-0.18898223650461357,-0.45643546458763845,-0.16843038421330378,-0.9140257315714276,-0.45643546458763845,3.8873012632301998,-0.28651274358884277
172562475,-0.768056364115747,-0.6872349411567454,-0.7742851591836042,1,-0.08333333333333333,0.0,0.0,-0.6925256939166183,1.806849712165608,-0.3396831102433787,-0.2252213082307254,0.8765230646861663,-0.5214689104456789,0.5727398862484653,-0.18898223650461357,-0.44536177141512323,-0.20776300831933314,-0.14535047493345277,-0.28651274358884277,-0.6708203932499369,-0.18898223650461357,-0.5428101483418094,3.186510027262766,-0.18898223650461357,-0.45643546458763845,-0.16843038421330378,1.0940611029415572,-0.45643546458763845,-0.25724787771376323,-0.28651274358884277
192925833,-1.1227990929595972,-0.8109509687562184,-1.0172611998363714,1,-0.08333333333333333,0.0,0.0,-0.6925256939166183,-0.55344946138406,-0.3396831102433787,-0.2252213082307254,0.8765230646861663,-0.5214689104456789,0.287171678476728,-0.18898223650461357,-0.44536177141512323,-0.20776300831933314,-0.14535047493345277,-0.28651274358884277,-0.6708203932499369,-0.18898223650461357,1.8422647458873531,-0.31382295723042386,-0.18898223650461357,2.1908902300206643,-0.16843038421330378,-0.9140257315714276,-0.45643546458763845,-0.25724787771376323,-0.28651274358884277
202367615,-0.8913144309174238,-0.730221018543003,-0.9089070195452725,1,-0.08333333333333333,0.0,0.0,-0.6925256939166183,-0.55344946138406,-0.3396831102433787,-0.2252213082307254,0.8765230646861663,-0.5214689104456789,-0.07421450359559151,-0.18898223650461357,-0.44536177141512323,-0.20776300831933314,-0.14535047493345277,-0.28651274358884277,-0.6708203932499369,-0.18898223650461357,1.8422647458873531,-0.31382295723042386,-0.18898223650461357,2.1908902300206643,-0.16843038421330378,-0.9140257315714276,-0.45643546458763845,-0.25724787771376323,-0.28651274358884277
204086862,-1.1378305645207774,-0.8161931733155181,-1.0057690898054974,1,-0.08333333333333333,0.0,0.0,-0.6925256939166183,1.806849712165608,2.943920288775949,4.44007721940573,-1.1408712905438991,-0.5214689104456789,1.1492844859577096,-0.18898223650461357,-0.44536177141512323,-0.20776300831933314,-0.14535047493345277,-0.28651274358884277,1.49071198499986,-0.18898223650461357,-0.5428101483418094,-0.31382295723042386,-0.18898223650461357,2.1908902300206643,-0.16843038421330378,-0.9140257315714276,-0.45643546458763845,-0.25724787771376323,-0.28651274358884277
207645083,-1.1754092434237275,-0.8292986847137674,-1.0550209899378151,1,-0.08333333333333333,0.0,0.0,-0.6925256939166183,-0.55344946138406,-0.3396831102433787,-0.2252213082307254,0.8765230646861663,-0.5214689104456789,-0.14448403899854248,-0.18898223650461357,-0.44536177141512323,-0.20776300831933314,-0.14535047493345277,-0.28651274358884277,-0.6708203932499369,-0.18898223650461357,1.8422647458873531,-0.31382295723042386,-0.18898223650461357,-0.45643546458763845,-0.16843038421330378,1.0940611029415572,-0.45643546458763845,-0.25724787771376323,-0.28651274358884277
208728772,-0.6478045916263062,-0.6452973046823478,-0.7513009391218559,1,-0.08333333333333333,0.0,0.0,1.4439897447623107,-0.55344946138406,-0.3396831102433787,-0.2252213082307254,-1.1408712905438991,1.9176598642195934,0.16487050235556136,-0.18898223650461357,-0.44536177141512323,-0.20776300831933314,-0.14535047493345277,3.4902461491731755,-0.6708203932499369,-0.18898223650461357,-0.5428101483418094,-0.31382295723042386,-0.18898223650461357,2.1908902300206643,-0.16843038421330378,-0.9140257315714276,-0.45643546458763845,-0.25724787771376323,-0.28651274358884277
212639071,0.8553425644917032,-0.12107684875237731,0.5210398142963513,0,-0.08333333333333333,0.0,0.0,1.4439897447623107,-0.55344946138406,-0.3396831102433787,-0.2252213082307254,-1.1408712905438991,-0.5214689104456789,1.0169054179879196,-0.18898223650461357,-0.44536177141512323,-0.20776300831933314,-0.14535047493345277,-0.28651274358884277,1.49071198499986,-0.18898223650461357,-0.5428101483418094,-0.31382295723042386,-0.18898223650461357,-0.45643546458763845,-0.16843038421330378,-0.9140257315714276,2.1908902300206643,-0.25724787771376323,-0.28651274358884277
221981891,1.0221918988208023,0.7234423057508051,1.3747394165898579,0,-0.08333333333333333,0.0,0.0,-0.6925256939166183,-0.55344946138406,-0.3396831102433787,-0.2252213082307254,0.8765230646861663,-0.5214689104456789,0.0717314584164155,-0.18898223650461357,-0.44536177141512323,-0.20776300831933314,-0.14535047493345277,-0.28651274358884277,-0.6708203932499369,-0.18898223650461357,1.8422647458873531,-0.31382295723042386,-0.18898223650461357,2.1908902300206643,-0.16843038421330378,-0.9140257315714276,-0.45643546458763845,-0.25724787771376323,-0.28651274358884277
229764465,0.3322473541626359,-0.30350556741600704,0.04986330303051194,0,-0.08333333333333333,0.0,0.0,-0.6925256939166183,1.806849712165608,-0.3396831102433787,-0.2252213082307254,0.8765230646861663,-0.5214689104456789,0.8286169407394665,-0.18898223650461357,2.2453655975512463,-0.20776300831933314,-0.14535047493345277,-0.28651274358884277,-0.6708203932499369,-0.18898223650461357,-0.5428101483418094,-0.31382295723042386,-0.18898223650461357,-0.45643546458763845,-0.16843038421330378,-0.9140257315714276,-0.45643546458763845,3.8873012632301998,-0.28651274358884277
255378816,0.4479896851837226,-0.2631405923093993,0.4783548341816759,0,-0.08333333333333333,0.0,0.0,-0.6925256939166183,1.806849712165608,-0.3396831102433787,-0.2252213082307254,0.8765230646861663,-0.5214689104456789,1.6966958886182752,-0.18898223650461357,2.2453655975512463,-0.20776300831933314,-0.14535047493345277,-0.28651274358884277,-0.6708203932499369,-0.18898223650461357,-0.5428101483418094,-0.31382295723042386,-0.18898223650461357,-0.45643546458763845,-0.16843038421330378,-0.9140257315714276,2.1908902300206643,-0.25724787771376323,-0.28651274358884277
265612440,-0.7770752470524551,-0.6903802638923252,-0.6593640588748629,1,-0.08333333333333333,0.0,0.0,-0.6925256939166183,-0.55344946138406,2.943920288775949,-0.2252213082307254,-1.1408712905438991,-0.5214689104456789,1.6852378747022168,-0.18898223650461357,-0.44536177141512323,-0.20776300831933314,-0.14535047493345277,-0.28651274358884277,1.49071198499986,-0.18898223650461357,-0.5428101483418094,-0.31382295723042386,-0.18898223650461357,-0.45643546458763845,-0.16843038421330378,-0.9140257315714276,-0.45643546458763845,-0.25724787771376323,3.4902461491731755
266417772,-0.9679749358794423,-0.7569562617954315,-0.9614423796864114,1,-0.08333333333333333,0.0,0.0,-0.6925256939166183,-0.55344946138406,-0.3396831102433787,4.44007721940573,-1.1408712905438991,-0.5214689104456789,-0.28435387613394025,-0.18898223650461357,-0.44536177141512323,-0.20776300831933314,-0.14535047493345277,-0.28651274358884277,1.49071198499986,-0.18898223650461357,-0.5428101483418094,-0.31382295723042386,-0.18898223650461357,-0.45643546458763845,-0.16843038421330378,-0.9140257315714276,-0.45643546458763845,3.8873012632301998,-0.28651274358884277
274495425,1.0221918988208023,2.2961036735407165,1.3763811465942686,0,-0.08333333333333333,0.0,0.0,-0.6925256939166183,-0.55344946138406,-0.3396831102433787,-0.2252213082307254,0.8765230646861663,-0.5214689104456789,-1.0838567118036344,-0.18898223650461357,-0.44536177141512323,-0.20776300831933314,-0.14535047493345277,-0.28651274358884277,-0.6708203932499369,-0.18898223650461357,1.8422647458873531,-0.31382295723042386,-0.18898223650461357,-0.45643546458763845,-0.16843038421330378,-0.9140257315714276,2.1908902300206643,-0.25724787771376323,-0.28651274358884277
287463830,-0.41181048811577875,-0.5629946931013424,-0.7398088290909818,1,-0.08333333333333333,0.0,0.0,-0.6925256939166183,1.806849712165608,2.943920288775949,-0.2252213082307254,-1.1408712905438991,-0.5214689104456789,-0.46330695962678903,-0.18898223650461357,-0.44536177141512323,-0.20776300831933314,-0.14535047493345277,-0.28651274358884277,1.49071198499986,-0.18898223650461357,-0.5428101483418094,-0.31382295723042386,-0.18898223650461357,-0.45643546458763845,-0.16843038421330378,1.0940611029415572,-0.45643546458763845,-0.25724787771376323,-0.28651274358884277
307260205,-1.1693966547992556,-0.8272018028900475,-1.0615879099554575,1,-0.08333333333333333,0.0,0.0,-0.6925256939166183,-0.55344946138406,-0.3396831102433787,-0.2252213082307254,-1.1408712905438991,-0.5214689104456789,-0.7302089862703455,-0.18898223650461357,-0.44536177141512323,-0.20776300831933314,-0.14535047493345277,-0.28651274358884277,1.49071198499986,-0.18898223650461357,-0.5428101483418094,-0.31382295723042386,-0.18898223650461357,-0.45643546458763845,-0.16843038421330378,-0.9140257315714276,-0.45643546458763845,-0.25724787771376323,3.4902461491731755
311525798,1.0221918988208023,0.7234423057508051,0.9035629053240187,0,-0.08333333333333333,0.0,0.0,-0.6925256939166183,1.806849712165608,-0.3396831102433787,-0.2252213082307254,0.8765230646861663,-0.5214689104456789,-0.37135960003987567,-0.18898223650461357,2.2453655975512463,-0.20776300831933314,-0.14535047493345277,-0.28651274358884277,-0.6708203932499369,-0.18898223650461357,-0.5428101483418094,-0.31382295723042386,-0.18898223650461357,-0.45643546458763845,-0.16843038421330378,1.0940611029415572,-0.45643546458763845,-0.25724787771376323,-0.28651274358884277
343965132,1.0221918988208023,0.7234423057508051,1.3747394165898579,0,-0.08333333333333333,0.0,0.0,-0.6925256939166183,1.806849712165608,-0.3396831102433787,4.44007721940573,-1.1408712905438991,-0.5214689104456789,0.0717314584164155,-0.18898223650461357,-0.44536177141512323,4.813176359397885,-0.14535047493345277,-0.28651274358884277,-0.6708203932499369,-0.18898223650461357,-0.5428101483418094,-0.31382295723042386,-0.18898223650461357,-0.45643546458763845,-0.16843038421330378,1.0940611029415572,-0.45643546458763845,-0.25724787771376323,-0.28651274358884277
344190478,-1.0386228522169887,-0.7815946232241401,-1.0123360098231398,1,-0.08333333333333333,0.0,0.0,1.4439897447623107,1.806849712165608,2.943920288775949,-0.2252213082307254,-1.1408712905438991,-0.5214689104456789,-0.673354752820753,-0.18898223650461357,-0.44536177141512323,4.813176359397885,-0.14535047493345277,-0.28651274358884277,-0.6708203932499369,-0.18898223650461357,-0.5428101483418094,-0.31382295723042386,-0.18898223650461357,-0.45643546458763845,-0.16843038421330378,1.0940611029415572,-0.45643546458763845,-0.25724787771376323,-0.28651274358884277
357728969,-1.1994595979216156,-0.8376862120086469,-1.0665130999686891,1,-0.08333333333333333,0.0,0.0,-0.6925256939166183,-0.55344946138406,-0.3396831102433787,-0.2252213082307254,0.8765230646861663,-0.5214689104456789,-0.10201344067807747,-0.18898223650461357,-0.44536177141512323,-0.20776300831933314,-0.14535047493345277,-0.28651274358884277,-0.6708203932499369,5.2915026221291805,-0.5428101483418094,-0.31382295723042386,-0.18898223650461357,-0.45643546458763845,-0.16843038421330378,-0.9140257315714276,2.1908902300206643,-0.25724787771376323,-0.28651274358884277
364474335,1.0221918988208023,2.2961036735407165,1.3763811465942686,0,-0.08333333333333333,0.0,0.0,-0.6925256939166183,-0.55344946138406,-0.3396831102433787,-0.2252213082307254,0.8765230646861663,-0.5214689104456789,-1.0838567118036344,-0.18898223650461357,2.2453655975512463,-0.20776300831933314,-0.14535047493345277,-0.28651274358884277,-0.6708203932499369,-0.18898223650461357,-0.5428101483418094,-0.31382295723042386,-0.18898223650461357,2.1908902300206643,-0.16843038421330378,-0.9140257315714276,-0.45643546458763845,-0.25724787771376323,-0.28651274358884277
365739812,1.0221918988208023,0.19922184982083466,1.3730976865854474,0,-0.08333333333333333,0.0,0.0,-0.6925256939166183,-0.55344946138406,-0.3396831102433787,-0.2252213082307254,0.8765230646861663,-0.5214689104456789,1.2242390757364403,-0.18898223650461357,-0.44536177141512323,-0.20776300831933314,-0.14535047493345277,-0.28651274358884277,-0.6708203932499369,-0.18898223650461357,1.8422647458873531,-0.31382295723042386,-0.18898223650461357,-0.45643546458763845,-0.16843038421330378,-0.9140257315714276,2.1908902300206643,-0.25724787771376323,-0.28651274358884277
453717720,-1.1633840661747834,-0.8251049210663276,-1.0287533098672457,1,-0.08333333333333333,0.0,0.0,-0.6925256939166183,1.806849712165608,-0.3396831102433787,-0.2252213082307254,0.8765230646861663,-0.5214689104456789,1.0039209395868285,-0.18898223650461357,-0.44536177141512323,-0.20776300831933314,-0.14535047493345277,-0.28651274358884277,-0.6708203932499369,-0.18898223650461357,1.8422647458873531,-0.31382295723042386,-0.18898223650461357,2.1908902300206643,-0.16843038421330378,-0.9140257315714276,-0.45643546458763845,-0.25724787771376323,-0.28651274358884277
455229168,-0.766553216959629,-0.6867107207008154,-0.8021945692585842,1,-0.08333333333333333,0.0,0.0,-0.6925256939166183,-0.55344946138406,-0.3396831102433787,-0.2252213082307254,0.8765230646861663,-0.5214689104456789,0.31268354801792686,-0.18898223650461357,-0.44536177141512323,-0.20776300831933314,-0.14535047493345277,-0.28651274358884277,-0.6708203932499369,-0.18898223650461357,1.8422647458873531,-0.31382295723042386,5.2915026221291805,-0.45643546458763845,-0.16843038421330378,-0.9140257315714276,-0.45643546458763845,-0.25724787771376323,-0.28651274358884277
522158088,-1.1573714775503114,-0.8230080392426078,-1.0566627199422256,1,-0.08333333333333333,0.0,0.0,1.4439897447623107,-0.55344946138406,-0.3396831102433787,-0.2252213082307254,-1.1408712905438991,1.9176598642195934,-0.6966018171645865,-0.18898223650461357,-0.44536177141512323,-0.20776300831933314,-0.14535047493345277,-0.28651274358884277,1.49071198499986,-0.18898223650461357,-0.5428101483418094,-0.31382295723042386,-0.18898223650461357,-0.45643546458763845,-0.16843038421330378,1.0940611029415572,-0.45643546458763845,-0.25724787771376323,-0.28651274358884277
523043277,1.0221918988208023,0.7234423057508051,1.1251964559194483,0,-0.08333333333333333,0.0,0.0,-0.6925256939166183,-0.55344946138406,-0.3396831102433787,-0.2252213082307254,-1.1408712905438991,-0.5214689104456789,-0.16293697672419866,-0.18898223650461357,-0.44536177141512323,-0.20776300831933314,-0.14535047493345277,-0.28651274358884277,-0.6708203932499369,5.2915026221291805,-0.5428101483418094,-0.31382295723042386,-0.18898223650461357,-0.45643546458763845,-0.16843038421330378,1.0940611029415572,-0.45643546458763845,-0.25724787771376323,-0.28651274358884277
527591471,1.0221918988208023,0.19922184982083466,0.5473074943669207,0,-0.08333333333333333,0.0,0.0,1.4439897447623107,-0.55344946138406,2.943920288775949,-0.2252213082307254,0.8765230646861663,-0.5214689104456789,0.0601632093156978,-0.18898223650461357,-0.44536177141512323,-0.20776300831933314,-0.14535047493345277,-0.28651274358884277,1.49071198499986,-0.18898223650461357,-0.5428101483418094,-0.31382295723042386,5.2915026221291805,-0.45643546458763845,-0.16843038421330378,-0.9140257315714276,-0.45643546458763845,-0.25724787771376323,-0.28651274358884277
542284380,-1.0371197050608707,-0.7810704027682102,-1.0123360098231398,1,-0.08333333333333333,0.0,0.0,-0.6925256939166183,-0.55344946138406,-0.3396831102433787,-0.2252213082307254,0.8765230646861663,-0.5214689104456789,-0.6850650277700718,-0.18898223650461357,2.2453655975512463,-0.20776300831933314,-0.14535047493345277,-0.28651274358884277,-0.6708203932499369,-0.18898223650461357,-0.5428101483418094,-0.31382295723042386,-0.18898223650461357,-0.45643546458763845,-0.16843038421330378,1.0940611029415572,-0.45643546458763845,-0.25724787771376323,-0.28651274358884277
552661142,-0.6808738290609024,-0.6568301547128071,-0.8760724194570607,1,-0.08333333333333333,0.0,0.0,1.4439897447623107,-0.55344946138406,-0.3396831102433787,-0.2252213082307254,-1.1408712905438991,1.9176598642195934,-0.6424317710048989,-0.18898223650461357,-0.44536177141512323,-0.20776300831933314,-0.14535047493345277,-0.28651274358884277,1.49071198499986,-0.18898223650461357,-0.5428101483418094,-0.31382295723042386,-0.18898223650461357,-0.45643546458763845,-0.16843038421330378,1.0940611029415572,-0.45643546458763845,-0.25724787771376323,-0.28651274358884277
560704231,-0.9634654944110882,-0.7553836004276416,-0.9598006496820009,1,-0.08333333333333333,0.0,0.0,1.4439897447623107,-0.55344946138406,-0.3396831102433787,-0.2252213082307254,-1.1408712905438991,1.9176598642195934,-0.2911120391016557,-0.18898223650461357,-0.44536177141512323,-0.20776300831933314,-0.14535047493345277,-0.28651274358884277,1.49071198499986,-0.18898223650461357,-0.5428101483418094,-0.31382295723042386,-0.18898223650461357,-0.45643546458763845,-0.16843038421330378,1.0940611029415572,-0.45643546458763845,-0.25724787771376323,-0.28651274358884277
568098118,-1.2250130995756219,-0.8465979597594564,-1.082930400012795,1,-0.08333333333333333,0.0,0.0,-0.6925256939166183,-0.55344946138406,-0.3396831102433787,-0.2252213082307254,0.8765230646861663,-0.5214689104456789,-1.2119117434528939,-0.18898223650461357,-0.44536177141512323,-0.20776300831933314,-0.14535047493345277,-0.28651274358884277,-0.6708203932499369,-0.18898223650461357,1.8422647458873531,-0.31382295723042386,5.2915026221291805,-0.45643546458763845,-0.16843038421330378,-0.9140257315714276,-0.45643546458763845,-0.25724787771376323,-0.28651274358884277
572984571,-1.220503658107268,-0.8450252983916665,-1.0812886700083846,1,-0.08333333333333333,0.0,0.0,-0.6925256939166183,-0.55344946138406,-0.3396831102433787,-0.2252213082307254,0.8765230646861663,-0.5214689104456789,-1.083084261880817,-0.18898223650461357,-0.44536177141512323,-0.20776300831933314,-0.14535047493345277,-0.28651274358884277,-0.6708203932499369,-0.18898223650461357,1.8422647458873531,-0.31382295723042386,-0.18898223650461357,-0.45643546458763845,-0.16843038421330378,-0.9140257315714276,2.1908902300206643,-0.25724787771376323,-0.28651274358884277
574523116,1.0221918988208023,2.2961036735407165,1.3763811465942686,0,-0.08333333333333333,0.0,0.0,1.4439897447623107,1.806849712165608,-0.3396831102433787,-0.2252213082307254,-1.1408712905438991,1.9176598642195934,-1.0838567118036344,-0.18898223650461357,-0.44536177141512323,-0.20776300831933314,-0.14535047493345277,3.4902461491731755,-0.6708203932499369,-0.18898223650461357,-0.5428101483418094,-0.31382295723042386,-0.18898223650461357,-0.45643546458763845,-0.16843038421330378,-0.9140257315714276,2.1908902300206643,-0.25724787771376323,-0.28651274358884277
579082810,0.22101446460990318,-0.34229788115482485,-0.570710638636691,1,-0.08333333333333333,0.0,0.0,1.4439897447623107,-0.55344946138406,2.943920288775949,-0.2252213082307254,-1.1408712905438991,1.9176598642195934,-0.7427727374396459,-0.18898223650461357,-0.44536177141512323,-0.20776300831933314,6.8799224801834304,-0.28651274358884277,-0.6708203932499369,-0.18898223650461357,-0.5428101483418094,-0.31382295723042386,-0.18898223650461357,-0.45643546458763845,-0.16843038421330378,1.0940611029415572,-0.45643546458763845,-0.25724787771376323,-0.28651274358884277
585146387,1.0221918988208023,-0.06288837814415059,-0.0059555171194481185,0,-0.08333333333333333,0.0,0.0,1.4439897447623107,-0.55344946138406,-0.3396831102433787,-0.2252213082307254,0.8765230646861663,-0.5214689104456789,-0.21349876126929798,-0.18898223650461357,-0.44536177141512323,-0.20776300831933314,-0.14535047493345277,-0.28651274358884277,-0.6708203932499369,-0.18898223650461357,1.8422647458873531,-0.31382295723042386,-0.18898223650461357,-0.45643546458763845,-0.16843038421330378,1.0940611029415572,-0.45643546458763845,-0.25724787771376323,-0.28651274358884277
589831718,-0.9003333138541318,-0.7333663412785828,-0.9138322095585043,1,-0.08333333333333333,0.0,0.0,1.4439897447623107,-0.55344946138406,-0.3396831102433787,-0.2252213082307254,-1.1408712905438991,-0.5214689104456789,-0.07822990561861719,-0.18898223650461357,-0.44536177141512323,-0.20776300831933314,-0.14535047493345277,-0.28651274358884277,1.49071198499986,-0.18898223650461357,-0.5428101483418094,-0.31382295723042386,-0.18898223650461357,-0.45643546458763845,5.9371710435189575,-0.9140257315714276,-0.45643546458763845,-0.25724787771376323,-0.28651274358884277
599320067,1.0221918988208023,0.7234423057508051,0.27478031363476274,0,-0.08333333333333333,0.0,0.0,1.4439897447623107,-0.55344946138406,-0.3396831102433787,-0.2252213082307254,0.8765230646861663,1.9176598642195934,-0.9626623017428703,-0.18898223650461357,-0.44536177141512323,-0.20776300831933314,-0.14535047493345277,-0.28651274358884277,1.49071198499986,-0.18898223650461357,-0.5428101483418094,-0.31382295723042386,-0.18898223650461357,-0.45643546458763845,-0.16843038421330378,1.0940611029415572,-0.45643546458763845,-0.25724787771376323,-0.28651274358884277
599547518,1.0221918988208023,0.7234423057508051,1.3747394165898579,0,-0.08333333333333333,0.0,0.0,1.4439897447623107,-0.55344946138406,-0.3396831102433787,-0.2252213082307254,-1.1408712905438991,1.9176598642195934,0.0717314584164155,-0.18898223650461357,-0.44536177141512323,-0.20776300831933314,-0.14535047493345277,-0.28651274358884277,1.49071198499986,-0.18898223650461357,-0.5428101483418094,-0.31382295723042386,-0.18898223650461357,2.1908902300206643,-0.16843038421330378,-0.9140257315714276,-0.45643546458763845,-0.25724787771376323,-0.28651274358884277
612344730,1.0221918988208023,0.7234423057508051,0.8214764051034892,0,-0.08333333333333333,0.0,0.0,-0.6925256939166183,-0.55344946138406,-0.3396831102433787,-0.2252213082307254,0.8765230646861663,-0.5214689104456789,-0.4485531642308671,-0.18898223650461357,-0.44536177141512323,-0.20776300831933314,-0.14535047493345277,-0.28651274358884277,-0.6708203932499369,-0.18898223650461357,1.8422647458873531,-0.31382295723042386,-0.18898223650461357,-0.45643546458763845,-0.16843038421330378,1.0940611029415572,-0.45643546458763845,-0.25724787771376323,-0.28651274358884277
614765452,1.0221918988208023,0.19922184982083466,1.335337896484004,0,-0.08333333333333333,0.0,0.0,1.4439897447623107,-0.55344946138406,-0.3396831102433787,-0.2252213082307254,-1.1408712905438991,1.9176598642195934,1.1710109546078575,-0.18898223650461357,-0.44536177141512323,-0.20776300831933314,-0.14535047493345277,-0.28651274358884277,1.49071198499986,-0.18898223650461357,-0.5428101483418094,-0.31382295723042386,-0.18898223650461357,-0.45643546458763845,-0.16843038421330378,-0.9140257315714276,2.1908902300206643,-0.25724787771376323,-0.28651274358884277
615869301,-0.927389962664256,-0.7428023094853223,-0.9598006496820009,1,-0.08333333333333333,0.0,0.0,1.4439897447623107,-0.55344946138406,-0.3396831102433787,-0.2252213082307254,-1.1408712905438991,1.9176598642195934,-0.5173635819338707,-0.18898223650461357,-0.44536177141512323,-0.20776300831933314,-0.14535047493345277,3.4902461491731755,-0.6708203932499369,-0.18898223650461357,-0.5428101483418094,-0.31382295723042386,-0.18898223650461357,-0.45643546458763845,-0.16843038421330378,1.0940611029415572,-0.45643546458763845,-0.25724787771376323,-0.28651274358884277
621803253,1.0221918988208023,-0.06288837814415059,0.11060731319370376,0,-0.08333333333333333,0.0,0.0,1.4439897447623107,-0.55344946138406,-0.3396831102433787,-0.2252213082307254,0.8765230646861663,1.9176598642195934,0.005439432147077373,-0.18898223650461357,-0.44536177141512323,-0.20776300831933314,-0.14535047493345277,-0.28651274358884277,-0.6708203932499369,-0.18898223650461357,1.8422647458873531,-0.31382295723042386,-0.18898223650461357,-0.45643546458763845,-0.16843038421330378,-0.9140257315714276,2.1908902300206643,-0.25724787771376323,-0.28651274358884277
626805178,-1.2054721865460878,-0.8397830938323668,-1.0730800199863315,1,-0.08333333333333333,0.0,0.0,1.4439897447623107,-0.55344946138406,-0.3396831102433787,-0.2252213082307254,-1.1408712905438991,1.9176598642195934,-0.5560627463586842,-0.18898223650461357,-0.44536177141512323,-0.20776300831933314,-0.14535047493345277,-0.28651274358884277,-0.6708203932499369,-0.18898223650461357,1.8422647458873531,-0.31382295723042386,-0.18898223650461357,-0.45643546458763845,-0.16843038421330378,-0.9140257315714276,2.1908902300206643,-0.25724787771376323,-0.28651274358884277
655099582,-0.7500185982423309,-0.6809442956855858,-0.6216042687734193,1,-0.08333333333333333,0.0,0.0,-0.6925256939166183,1.806849712165608,-0.3396831102433787,-0.2252213082307254,-1.1408712905438991,1.9176598642195934,1.7959126570668582,-0.18898223650461357,-0.44536177141512323,-0.20776300831933314,-0.14535047493345277,-0.28651274358884277,-0.6708203932499369,-0.18898223650461357,-0.5428101483418094,3.186510027262766,-0.18898223650461357,2.1908902300206643,-0.16843038421330378,-0.9140257315714276,-0.45643546458763845,-0.25724787771376323,-0.28651274358884277
655806940,1.0221918988208023,0.7234423057508051,1.2910111863649179,0,-0.08333333333333333,0.0,0.0,1.4439897447623107,-0.55344946138406,-0.3396831102433787,-0.2252213082307254,-1.1408712905438991,1.9176598642195934,-0.007005977058395865,-0.18898223650461357,-0.44536177141512323,4.813176359397885,-0.14535047493345277,-0.28651274358884277,-0.6708203932499369,-0.18898223650461357,-0.5428101483418094,-0.31382295723042386,-0.18898223650461357,-0.45643546458763845,-0.16843038421330378,1.0940611029415572,-0.45643546458763845,-0.25724787771376323,-0.28651274358884277
658928958,1.0221918988208023,-0.06288837814415059,1.3632473065589839,0,-0.08333333333333333,0.0,0.0,-0.6925256939166183,-0.55344946138406,-0.3396831102433787,-0.2252213082307254,-1.1408712905438991,1.9176598642195934,2.3582541022413643,-0.18898223650461357,-0.44536177141512323,-0.20776300831933314,-0.14535047493345277,3.4902461491731755,-0.6708203932499369,-0.18898223650461357,-0.5428101483418094,-0.31382295723042386,-0.18898223650461357,-0.45643546458763845,-0.16843038421330378,1.0940611029415572,-0.45643546458763845,-0.25724787771376323,-0.28651274358884277
669879380,-1.1708998019553736,-0.8277260233459776,-1.027111579862835,1,-0.08333333333333333,0.0,0.0,1.4439897447623107,1.806849712165608,2.943920288775949,-0.2252213082307254,-1.1408712905438991,1.9176598642195934,1.4676998732463058,-0.18898223650461357,-0.44536177141512323,4.813176359397885,-0.14535047493345277,-0.28651274358884277,-0.6708203932499369,-0.18898223650461357,-0.5428101483418094,-0.31382295723042386,-0.18898223650461357,-0.45643546458763845,-0.16843038421330378,-0.9140257315714276,2.1908902300206643,-0.25724787771376323,-0.28651274358884277
671269505,-0.3622066319638845,-0.5456954180556534,-0.6708561689057371,1,-0.08333333333333333,0.0,0.0,1.4439897447623107,-0.55344946138406,-0.3396831102433787,-0.2252213082307254,-1.1408712905438991,1.9176598642195934,-0.22990603486574165,-0.18898223650461357,-0.44536177141512323,-0.20776300831933314,-0.14535047493345277,-0.28651274358884277,1.49071198499986,-0.18898223650461357,-0.5428101483418094,-0.31382295723042386,-0.18898223650461357,-0.45643546458763845,-0.16843038421330378,-0.9140257315714276,2.1908902300206643,-0.25724787771376323,-0.28651274358884277
695864515,-1.1919438621410257,-0.8350651097289971,-1.0681548299730999,1,-0.08333333333333333,0.0,0.0,1.4439897447623107,-0.55344946138406,-0.3396831102433787,-0.2252213082307254,0.8765230646861663,-0.5214689104456789,-0.5968644120765267,-0.18898223650461357,-0.44536177141512323,-0.20776300831933314,-0.14535047493345277,-0.28651274358884277,1.49071198499986,-0.18898223650461357,-0.5428101483418094,-0.31382295723042386,5.2915026221291805,-0.45643546458763845,-0.16843038421330378,-0.9140257315714276,-0.45643546458763845,-0.25724787771376323,-0.28651274358884277
699532645,1.0221918988208023,2.2961036735407165,1.3763811465942686,0,-0.08333333333333333,0.0,0.0,-0.6925256939166183,-0.55344946138406,-0.3396831102433787,-0.2252213082307254,-1.1408712905438991,-0.5214689104456789,-1.0838567118036344,-0.18898223650461357,-0.44536177141512323,-0.20776300831933314,-0.14535047493345277,-0.28651274358884277,-0.6708203932499369,5.2915026221291805,-0.5428101483418094,-0.31382295723042386,-0.18898223650461357,2.1908902300206643,-0.16843038421330378,-0.9140257315714276,-0.45643546458763845,-0.25724787771376323,-0.28651274358884277
701547123,-1.089729855525001,-0.7994181187257591,-0.9762179497261068,1,-0.08333333333333333,0.0,0.0,1.4439897447623107,-0.55344946138406,-0.3396831102433787,-0.2252213082307254,0.8765230646861663,1.9176598642195934,0.8961743186356372,-0.18898223650461357,-0.44536177141512323,-0.20776300831933314,-0.14535047493345277,-0.28651274358884277,1.49071198499986,-0.18898223650461357,-0.5428101483418094,-0.31382295723042386,-0.18898223650461357,-0.45643546458763845,-0.16843038421330378,-0.9140257315714276,2.1908902300206643,-0.25724787771376323,-0.28651274358884277
770153867,1.0221918988208023,0.19922184982083466,0.3601502738641134,0,-0.08333333333333333,0.0,0.0,1.4439897447623107,-0.55344946138406,-0.3396831102433787,-0.2252213082307254,-1.1408712905438991,-0.5214689104456789,-0.20366313019119023,-0.18898223650461357,-0.44536177141512323,-0.20776300831933314,-0.14535047493345277,-0.28651274358884277,1.49071198499986,-0.18898223650461357,-0.5428101483418094,-0.31382295723042386,-0.18898223650461357,-0.45643546458763845,-0.16843038421330378,1.0940611029415572,-0.45643546458763845,-0.25724787771376323,-0.28651274358884277
771302083,1.0221918988208023,0.7234423057508051,0.9840076755401376,0,-0.08333333333333333,0.0,0.0,1.4439897447623107,-0.55344946138406,-0.3396831102433787,-0.2252213082307254,-1.1408712905438991,1.9176598642195934,-0.29570990713270395,-0.18898223650461357,-0.44536177141512323,-0.20776300831933314,-0.14535047493345277,-0.28651274358884277,1.49071198499986,-0.18898223650461357,-0.5428101483418094,-0.31382295723042386,-0.18898223650461357,-0.45643546458763845,-0.16843038421330378,-0.9140257315714276,2.1908902300206643,-0.25724787771376323,-0.28651274358884277
787076358,1.0221918988208023,0.7234423057508051,0.7952087250329197,0,-0.08333333333333333,0.0,0.0,1.4439897447623107,1.806849712165608,-0.3396831102433787,-0.2252213082307254,0.8765230646861663,1.9176598642195934,-0.4732551047719843,-0.18898223650461357,-0.44536177141512323,-0.20776300831933314,-0.14535047493345277,-0.28651274358884277,-0.6708203932499369,-0.18898223650461357,1.8422647458873531,-0.31382295723042386,5.2915026221291805,-0.45643546458763845,-0.16843038421330378,-0.9140257315714276,-0.45643546458763845,-0.25724787771376323,-0.28651274358884277
793375104,-0.025501668993450355,-0.42827003592734003,-0.6330963788042935,1,-0.08333333333333333,0.0,0.0,-0.6925256939166183,-0.55344946138406,-0.3396831102433787,-0.2252213082307254,-1.1408712905438991,1.9176598642195934,-0.6563731612089936,-0.18898223650461357,-0.44536177141512323,-0.20776300831933314,-0.14535047493345277,-0.28651274358884277,1.49071198499986,-0.18898223650461357,-0.5428101483418094,-0.31382295723042386,-0.18898223650461357,2.1908902300206643,-0.16843038421330378,-0.9140257315714276,-0.45643546458763845,-0.25724787771376323,-0.28651274358884277
834369920,1.0221918988208023,-0.06288837814415059,0.7311812548609068,0,-0.08333333333333333,0.0,0.0,1.4439897447623107,-0.55344946138406,-0.3396831102433787,-0.2252213082307254,-1.1408712905438991,1.9176598642195934,1.1710540393497517,-0.18898223650461357,-0.44536177141512323,-0.20776300831933314,-0.14535047493345277,-0.28651274358884277,1.49071198499986,-0.18898223650461357,-0.5428101483418094,-0.31382295723042386,-0.18898223650461357,2.1908902300206643,-0.16843038421330378,-0.9140257315714276,-0.45643546458763845,-0.25724787771376323,-0.28651274358884277
881458615,1.0221918988208023,0.7234423057508051,1.2056412261355671,0,-0.08333333333333333,0.0,0.0,1.4439897447623107,-0.55344946138406,-0.3396831102433787,-0.2252213082307254,-1.1408712905438991,1.9176598642195934,-0.08728728381702691,-0.18898223650461357,-0.44536177141512323,-0.20776300831933314,-0.14535047493345277,-0.28651274358884277,1.49071198499986,-0.18898223650461357,-0.5428101483418094,-0.31382295723042386,-0.18898223650461357,-0.45643546458763845,-0.16843038421330378,1.0940611029415572,-0.45643546458763845,-0.25724787771376323,-0.28651274358884277
909213664,-1.113780210022889,-0.8078056460206386,-1.0287533098672457,1,-0.08333333333333333,0.0,0.0,-0.6925256939166183,-0.55344946138406,-0.3396831102433787,-0.2252213082307254,-1.1408712905438991,1.9176598642195934,-0.28683729746545006,-0.18898223650461357,-0.44536177141512323,-0.20776300831933314,-0.14535047493345277,-0.28651274358884277,1.49071198499986,-0.18898223650461357,-0.5428101483418094,-0.31382295723042386,-0.18898223650461357,2.1908902300206643,-0.16843038421330378,-0.9140257315714276,-0.45643546458763845,-0.25724787771376323,-0.28651274358884277
969302809,-1.1949501564532616,-0.836113550640857,-1.0615879099554575,1,-0.08333333333333333,0.0,0.0,1.4439897447623107,-0.55344946138406,-0.3396831102433787,-0.2252213082307254,-1.1408712905438991,1.9176598642195934,0.15632495738157812,-0.18898223650461357,-0.44536177141512323,-0.20776300831933314,-0.14535047493345277,-0.28651274358884277,1.49071198499986,-0.18898223650461357,-0.5428101483418094,-0.31382295723042386,-0.18898223650461357,-0.45643546458763845,-0.16843038421330378,-0.9140257315714276,2.1908902300206643,-0.25724787771376323,-0.28651274358884277
997737944,-1.2024658922338518,-0.8387346529205069,-1.0665130999686891,1,-0.08333333333333333,0.0,0.0,-0.6925256939166183,-0.55344946138406,-0.3396831102433787,-0.2252213082307254,0.8765230646861663,-0.5214689104456789,0.07636307226787505,-0.18898223650461357,-0.44536177141512323,-0.20776300831933314,-0.14535047493345277,-0.28651274358884277,-0.6708203932499369,5.2915026221291805,-0.5428101483418094,-0.31382295723042386,-0.18898223650461357,-0.45643546458763845,-0.16843038421330378,1.0940611029415572,-0.45643546458763845,-0.25724787771376323,-0.28651274358884277
1024554267,0.680977494382014,-0.1818864216402539,0.9971415155754223,0,-0.08333333333333333,0.0,0.0,1.4439897447623107,-0.55344946138406,-0.3396831102433787,-0.2252213082307254,-1.1408712905438991,1.9176598642195934,2.366203461244384,-0.18898223650461357,-0.44536177141512323,-0.20776300831933314,-0.14535047493345277,-0.28651274358884277,1.49071198499986,-0.18898223650461357,-0.5428101483418094,-0.31382295723042386,-0.18898223650461357,-0.45643546458763845,-0.16843038421330378,1.0940611029415572,-0.45643546458763845,-0.25724787771376323,-0.28651274358884277
1048065319,-1.2114847751705597,-0.8418799756560867,-1.0730800199863315,1,-0.08333333333333333,0.0,0.0,1.4439897447623107,-0.55344946138406,-0.3396831102433787,-0.2252213082307254,-1.1408712905438991,-0.5214689104456789,-0.18129189087627887,-0.18898223650461357,2.2453655975512463,-0.20776300831933314,-0.14535047493345277,-0.28651274358884277,-0.6708203932499369,-0.18898223650461357,-0.5428101483418094,-0.31382295723042386,-0.18898223650461357,2.1908902300206643,-0.16843038421330378,-0.9140257315714276,-0.45643546458763845,-0.25724787771376323,-0.28651274358884277
1106996539,1.0221918988208023,-0.06288837814415059,0.14015845327309437,0,-0.08333333333333333,0.0,0.0,1.4439897447623107,1.806849712165608,-0.3396831102433787,-0.2252213082307254,0.8765230646861663,-0.5214689104456789,0.060944889632919,-0.18898223650461357,-0.44536177141512323,-0.20776300831933314,-0.14535047493345277,-0.28651274358884277,1.49071198499986,-0.18898223650461357,-0.5428101483418094,-0.31382295723042386,-0.18898223650461357,-0.45643546458763845,-0.16843038421330378,1.0940611029415572,-0.45643546458763845,-0.25724787771376323,-0.28651274358884277
1136590548,1.0221918988208023,0.7234423057508051,0.21403630347157093,0,-0.08333333333333333,0.0,0.0,1.4439897447623107,-0.55344946138406,-0.3396831102433787,-0.2252213082307254,-1.1408712905438991,1.9176598642195934,-1.019785539244204,-0.18898223650461357,2.2453655975512463,-0.20776300831933314,-0.14535047493345277,-0.28651274358884277,-0.6708203932499369,-0.18898223650461357,-0.5428101483418094,-0.31382295723042386,-0.18898223650461357,-0.45643546458763845,-0.16843038421330378,1.0940611029415572,-0.45643546458763845,-0.25724787771376323,-0.28651274358884277
1147094660,1.0221918988208023,0.7234423057508051,0.9593817254739787,0,-0.08333333333333333,0.0,0.0,1.4439897447623107,-0.55344946138406,-0.3396831102433787,-0.2252213082307254,-1.1408712905438991,1.9176598642195934,-0.3188679763900014,-0.18898223650461357,-0.44536177141512323,-0.20776300831933314,-0.14535047493345277,-0.28651274358884277,1.49071198499986,-0.18898223650461357,-0.5428101483418094,-0.31382295723042386,-0.18898223650461357,-0.45643546458763845,-0.16843038421330378,1.0940611029415572,-0.45643546458763845,-0.25724787771376323,-0.28651274358884277
