model_family,model_name,parameters_json,evaluation_users,precision_at_5,precision_at_10,recall_at_5,recall_at_10,hit_rate_at_5,hit_rate_at_10,ndcg_at_5,ndcg_at_10,mrr,map_at_10,median_positive_rank,mean_positive_rank,catalog_coverage_at_10,novelty_at_10,intra_list_diversity_at_10,average_recommended_popularity_at_10,long_tail_share_at_10,random_ndcg_at_10_sd
random_sanity,random_seed_11,"{""seed"": 11, ""stage"": ""internal_tuning""}",24968.0,0.006600448574174944,0.006604453700736944,0.03300224287087472,0.06604453700736944,0.03300224287087472,0.06604453700736944,0.01956750600383647,0.030125199084799163,0.037820206388619076,0.019497957385453377,73.0,72.55895546299263,,,,,,
random_sanity,random_seed_29,"{""seed"": 29, ""stage"": ""internal_tuning""}",24968.0,0.007297340595962832,0.007197212431912849,0.03648670297981416,0.07197212431912849,0.03648670297981416,0.07197212431912849,0.0215565486502981,0.03286430734408959,0.0393189387859614,0.02128702516999537,73.0,72.42294136494714,,,,,,
random_sanity,random_seed_42,"{""seed"": 42, ""stage"": ""internal_tuning""}",24968.0,0.00712111502723486,0.007020986863184876,0.0356055751361743,0.07020986863184876,0.0356055751361743,0.07020986863184876,0.02138367474622855,0.03245446465415332,0.03948322931524461,0.021273420454372072,72.0,72.155038449215,,,,,,
random_sanity,random_seed_71,"{""seed"": 71, ""stage"": ""internal_tuning""}",24968.0,0.00712111502723486,0.007093079141300865,0.0356055751361743,0.07093079141300865,0.0356055751361743,0.07093079141300865,0.020787887151905507,0.032080560508493554,0.038818909926121005,0.02055364199508705,72.0,72.04577859660365,,,,,,
random_sanity,random_seed_101,"{""seed"": 101, ""stage"": ""internal_tuning""}",24968.0,0.007097084267862865,0.007028997116308876,0.03548542133931432,0.07028997116308876,0.03548542133931432,0.07028997116308876,0.020968424808351864,0.03206945031836773,0.03884817193411519,0.02074596753685988,73.0,72.62896507529638,,,,,,
random_sanity,random_seed_average,"{""aggregation"": ""mean_metrics"", ""seeds"": [11, 29, 42, 71, 101], ""stage"": ""internal_tuning""}",24968.0,0.007047420698494072,0.006988945850688882,0.035237103492470355,0.06988945850688881,0.035237103492470355,0.06988945850688881,0.020852808272124095,0.03191879638198067,0.038857891270012254,0.02067160250835355,72.6,72.36233578981096,,,,,,0.0010543703076852044
training_popularity,training_popularity,"{""score"": ""internal_training_interaction_count""}",24968.0,0.0011614867029798143,0.001906440243511695,0.005807433514899071,0.01906440243511695,0.005807433514899071,0.01906440243511695,0.0026551249677641423,0.006872256166192451,0.01886183738212356,0.003345266067550592,89.0,85.09460108939443,,,,,,
item_item_cosine,item_cosine_sum_shrink_0,"{""aggregation"": ""sum"", ""shrinkage"": 0.0}",24968.0,0.03742390259532201,0.030178628644665174,0.18711951297661006,0.30178628644665173,0.18711951297661006,0.30178628644665173,0.12093765091154615,0.15790346225948876,0.13614476644358844,0.11457343177044396,25.0,40.19428868952259,,,,,,
item_item_cosine,item_cosine_sum_shrink_10,"{""aggregation"": ""sum"", ""shrinkage"": 10.0}",24968.0,0.0369032361422621,0.030222685036847163,0.18451618071131048,0.30222685036847163,0.18451618071131048,0.30222685036847163,0.11986363177017562,0.15783712716810178,0.13589323785551044,0.11440219671655909,25.0,40.24907882089074,,,,,,
item_item_cosine,item_cosine_sum_shrink_50,"{""aggregation"": ""sum"", ""shrinkage"": 50.0}",24968.0,0.036638897789170136,0.03014258250560718,0.1831944889458507,0.3014258250560718,0.1831944889458507,0.3014258250560718,0.11926819349316616,0.15741935204971333,0.13563326969053388,0.11411195218768913,25.0,40.284404037167576,,,,,,
item_item_cosine,item_cosine_sum_shrink_100,"{""aggregation"": ""sum"", ""shrinkage"": 100.0}",24968.0,0.036502723486062164,0.030114546619673183,0.1825136174303108,0.3011454661967318,0.1825136174303108,0.3011454661967318,0.11892121250064543,0.15720791906371312,0.13547644410364904,0.11392835210021209,25.0,40.289490547901316,,,,,,
item_item_cosine,item_cosine_mean_shrink_0,"{""aggregation"": ""mean"", ""shrinkage"": 0.0}",24968.0,0.03742390259532201,0.030178628644665174,0.18711951297661006,0.30178628644665173,0.18711951297661006,0.30178628644665173,0.12093765091154615,0.15790346225948876,0.13614476644358844,0.11457343177044396,25.0,40.19428868952259,,,,,,
item_item_cosine,item_cosine_mean_shrink_10,"{""aggregation"": ""mean"", ""shrinkage"": 10.0}",24968.0,0.0369032361422621,0.030222685036847163,0.18451618071131048,0.30222685036847163,0.18451618071131048,0.30222685036847163,0.11986363177017562,0.15783712716810178,0.13589323785551044,0.11440219671655909,25.0,40.24907882089074,,,,,,
item_item_cosine,item_cosine_mean_shrink_50,"{""aggregation"": ""mean"", ""shrinkage"": 50.0}",24968.0,0.036638897789170136,0.03014258250560718,0.1831944889458507,0.3014258250560718,0.1831944889458507,0.3014258250560718,0.11926819349316616,0.15741935204971333,0.13563326969053388,0.11411195218768913,25.0,40.284404037167576,,,,,,
item_item_cosine,item_cosine_mean_shrink_100,"{""aggregation"": ""mean"", ""shrinkage"": 100.0}",24968.0,0.036502723486062164,0.030114546619673183,0.1825136174303108,0.3011454661967318,0.1825136174303108,0.3011454661967318,0.11892121250064543,0.15720791906371312,0.13547644410364904,0.11392835210021209,25.0,40.289490547901316,,,,,,
truncated_svd,svd_16_iter_7,"{""n_components"": 16, ""n_iter"": 7}",24968.0,0.01830342838833707,0.018327459147709068,0.09151714194168535,0.1832745914770907,0.09151714194168535,0.1832745914770907,0.05409219183234996,0.08345471682274345,0.07702498549065888,0.053879632596390045,37.0,47.52431111823134,,,,,,
truncated_svd,svd_16_iter_15,"{""n_components"": 16, ""n_iter"": 15}",24968.0,0.019593079141300866,0.02018984299903877,0.09796539570650432,0.2018984299903877,0.09796539570650432,0.2018984299903877,0.05813498632674833,0.09126251932751396,0.0827175085473563,0.058651375347746705,33.0,44.34664370394105,,,,,,
truncated_svd,svd_32_iter_7,"{""n_components"": 32, ""n_iter"": 7}",24968.0,0.0212592117910926,0.01918055110541493,0.106296058955463,0.1918055110541493,0.106296058955463,0.1918055110541493,0.06254364889086529,0.08993262076348262,0.08190045308399979,0.05952544653982494,38.0,49.55158603011855,,,,,,
truncated_svd,svd_32_iter_15,"{""n_components"": 32, ""n_iter"": 15}",24968.0,0.022989426465876324,0.021587632169176547,0.11494713232938161,0.21587632169176546,0.11494713232938161,0.21587632169176546,0.07072757805052234,0.10298327393803859,0.09250403026438561,0.06939077256984179,33.0,46.23309836590836,,,,,,
truncated_svd,svd_64_iter_7,"{""n_components"": 64, ""n_iter"": 7}",24968.0,0.023045498237744315,0.018916212752322973,0.11522749118872157,0.18916212752322972,0.11522749118872157,0.18916212752322972,0.07414259240650566,0.0978189303625815,0.09134450318643249,0.07044749024783468,43.0,53.82822012175585,,,,,,
truncated_svd,svd_64_iter_15,"{""n_components"": 64, ""n_iter"": 15}",24968.0,0.027002563280999682,0.022989426465876324,0.1350128164049984,0.22989426465876323,0.1350128164049984,0.22989426465876323,0.08769298499941267,0.1183875569755695,0.10565341744105154,0.08490625143040234,37.0,51.06456264017943,,,,,,
truncated_svd,svd_96_iter_7,"{""n_components"": 96, ""n_iter"": 7}",24968.0,0.02431912848446011,0.018715956424223003,0.12159564242230055,0.18715956424223004,0.12159564242230055,0.18715956424223004,0.08247538579921511,0.1035311987025853,0.09722661546606239,0.0782981422570096,50.0,59.222164370394104,,,,,,
truncated_svd,svd_96_iter_15,"{""n_components"": 96, ""n_iter"": 15}",24968.0,0.02855655238705543,0.021419416853572574,0.14278276193527714,0.21419416853572573,0.14278276193527714,0.21419416853572573,0.092817675454228,0.11579334168981884,0.10464464601930837,0.0859634618025358,47.0,58.536086190323616,,,,,,
graph_personalized_pagerank,ppr_cosine_restart_0.15,"{""edge_weight"": ""cosine"", ""restart_probability"": 0.15}",24968.0,0.01968119192566485,0.01804309516180711,0.09840595962832425,0.18043095161807113,0.09840595962832425,0.18043095161807113,0.062240844279059494,0.08834986219494174,0.0821649075400705,0.06101808727870087,42.0,54.32545658442807,,,,,,
graph_personalized_pagerank,ppr_cosine_restart_0.30,"{""edge_weight"": ""cosine"", ""restart_probability"": 0.3}",24968.0,0.027242870874719643,0.024130887536046138,0.13621435437359822,0.2413088753604614,0.13621435437359822,0.2413088753604614,0.08896362516307386,0.12268810943228381,0.10812845864150009,0.08722296285276901,35.0,48.37716276834348,,,,,,
graph_personalized_pagerank,ppr_cosine_restart_0.50,"{""edge_weight"": ""cosine"", ""restart_probability"": 0.5}",24968.0,0.03342678628644665,0.027347004165331625,0.16713393143223326,0.27347004165331623,0.16713393143223326,0.27347004165331623,0.10718216298051222,0.14120235149604743,0.1227347430874467,0.1014611401005986,29.0,44.13297020185838,,,,,,
graph_personalized_pagerank,ppr_ppmi_restart_0.15,"{""edge_weight"": ""ppmi"", ""restart_probability"": 0.15}",24968.0,0.025672861262415893,0.02226850368471644,0.12836430631207946,0.22268503684716437,0.12836430631207946,0.22268503684716437,0.0796366018891391,0.1099885576900649,0.09751645452390705,0.0762569104326554,36.0,51.99435277154758,,,,,,
graph_personalized_pagerank,ppr_ppmi_restart_0.30,"{""edge_weight"": ""ppmi"", ""restart_probability"": 0.3}",24968.0,0.03149631528356296,0.025512656199935917,0.1574815764178148,0.2551265619993592,0.1574815764178148,0.2551265619993592,0.09904832224760897,0.13010578514162394,0.11357962951754963,0.09251314698687337,32.0,49.04293495674463,,,,,,
graph_personalized_pagerank,ppr_ppmi_restart_0.50,"{""edge_weight"": ""ppmi"", ""restart_probability"": 0.5}",24968.0,0.034051586030118555,0.027519224607497596,0.17025793015059276,0.27519224607497594,0.17025793015059276,0.27519224607497594,0.10856670652194503,0.14217334267851253,0.12280680282794246,0.10208621003137985,29.0,47.25488625440564,,,,,,
rank_normalized_hybrid,hybrid_item_item_cosine=0.00_truncated_svd=0.00_graph_personalized_pagerank=0.25_training_popularity=0.75,"{""normalization"": ""candidate_rank"", ""weights"": {""graph_personalized_pagerank"": 0.25, ""item_item_cosine"": 0.0, ""training_popularity"": 0.75, ""truncated_svd"": 0.0}}",24968.0,0.005214674783723166,0.004962351810317206,0.02607337391861583,0.04962351810317206,0.02607337391861583,0.04962351810317206,0.012752894537086208,0.020141096013660865,0.027884890808593774,0.01142134948607233,82.0,77.86903236142263,,,,,,
rank_normalized_hybrid,hybrid_item_item_cosine=0.00_truncated_svd=0.00_graph_personalized_pagerank=0.50_training_popularity=0.50,"{""normalization"": ""candidate_rank"", ""weights"": {""graph_personalized_pagerank"": 0.5, ""item_item_cosine"": 0.0, ""training_popularity"": 0.5, ""truncated_svd"": 0.0}}",24968.0,0.010453380326818328,0.011046139057994233,0.05226690163409164,0.11046139057994232,0.05226690163409164,0.11046139057994232,0.03180617939736997,0.05037282231683007,0.0533308369424599,0.032665033465057496,56.0,62.41012495994873,,,,,,
rank_normalized_hybrid,hybrid_item_item_cosine=0.00_truncated_svd=0.00_graph_personalized_pagerank=0.75_training_popularity=0.25,"{""normalization"": ""candidate_rank"", ""weights"": {""graph_personalized_pagerank"": 0.75, ""item_item_cosine"": 0.0, ""training_popularity"": 0.25, ""truncated_svd"": 0.0}}",24968.0,0.018335469400833065,0.018535725728933035,0.09167734700416533,0.18535725728933033,0.09167734700416533,0.18535725728933033,0.05363171096940161,0.08340611552939174,0.07776132958578666,0.053314003829663885,33.0,50.74603492470362,,,,,,
rank_normalized_hybrid,hybrid_item_item_cosine=0.00_truncated_svd=0.25_graph_personalized_pagerank=0.00_training_popularity=0.75,"{""normalization"": ""candidate_rank"", ""weights"": {""graph_personalized_pagerank"": 0.0, ""item_item_cosine"": 0.0, ""training_popularity"": 0.75, ""truncated_svd"": 0.25}}",24968.0,0.002387055430951618,0.002555270746555591,0.011935277154758091,0.02555270746555591,0.011935277154758091,0.02555270746555591,0.006922683173531166,0.011221924724773905,0.023563550462255917,0.007031826134277271,79.0,78.46551586030118,,,,,,
rank_normalized_hybrid,hybrid_item_item_cosine=0.00_truncated_svd=0.25_graph_personalized_pagerank=0.25_training_popularity=0.50,"{""normalization"": ""candidate_rank"", ""weights"": {""graph_personalized_pagerank"": 0.25, ""item_item_cosine"": 0.0, ""training_popularity"": 0.5, ""truncated_svd"": 0.25}}",24968.0,0.01074975969240628,0.010481416212752323,0.0537487984620314,0.10481416212752323,0.0537487984620314,0.10481416212752323,0.03287413304558744,0.04921854120533719,0.052738020491144594,0.03274505652950062,61.0,63.30775392502403,,,,,,
rank_normalized_hybrid,hybrid_item_item_cosine=0.00_truncated_svd=0.25_graph_personalized_pagerank=0.50_training_popularity=0.25,"{""normalization"": ""candidate_rank"", ""weights"": {""graph_personalized_pagerank"": 0.5, ""item_item_cosine"": 0.0, ""training_popularity"": 0.25, ""truncated_svd"": 0.25}}",24968.0,0.023349887856456263,0.02112303748798462,0.11674943928228132,0.2112303748798462,0.11674943928228132,0.2112303748798462,0.07193118131592117,0.1024105683250255,0.09334346902398646,0.06985258591314343,31.0,49.19168535725729,,,,,,
rank_normalized_hybrid,hybrid_item_item_cosine=0.00_truncated_svd=0.25_graph_personalized_pagerank=0.75_training_popularity=0.00,"{""normalization"": ""candidate_rank"", ""weights"": {""graph_personalized_pagerank"": 0.75, ""item_item_cosine"": 0.0, ""training_popularity"": 0.0, ""truncated_svd"": 0.25}}",24968.0,0.033514899070810636,0.02706264017942967,0.1675744953540532,0.2706264017942967,0.1675744953540532,0.2706264017942967,0.10715951087613268,0.14023561289268496,0.12212004139077028,0.10085622294950233,28.0,46.196571611662925,,,,,,
rank_normalized_hybrid,hybrid_item_item_cosine=0.00_truncated_svd=0.50_graph_personalized_pagerank=0.00_training_popularity=0.50,"{""normalization"": ""candidate_rank"", ""weights"": {""graph_personalized_pagerank"": 0.0, ""item_item_cosine"": 0.0, ""training_popularity"": 0.5, ""truncated_svd"": 0.5}}",24968.0,0.007553668695930792,0.00744152515219481,0.03776834347965396,0.0744152515219481,0.03776834347965396,0.0744152515219481,0.023581947419493945,0.03524732957257073,0.04280840282539797,0.023662843995870268,65.0,66.15375680871516,,,,,,
rank_normalized_hybrid,hybrid_item_item_cosine=0.00_truncated_svd=0.50_graph_personalized_pagerank=0.25_training_popularity=0.25,"{""normalization"": ""candidate_rank"", ""weights"": {""graph_personalized_pagerank"": 0.25, ""item_item_cosine"": 0.0, ""training_popularity"": 0.25, ""truncated_svd"": 0.5}}",24968.0,0.023822492790772188,0.02024190964434476,0.11911246395386094,0.2024190964434476,0.11911246395386094,0.2024190964434476,0.0700176336296959,0.0967930348198666,0.08666214854910582,0.06493060323563367,38.0,51.45137776353733,,,,,,
rank_normalized_hybrid,hybrid_item_item_cosine=0.00_truncated_svd=0.50_graph_personalized_pagerank=0.50_training_popularity=0.00,"{""normalization"": ""candidate_rank"", ""weights"": {""graph_personalized_pagerank"": 0.5, ""item_item_cosine"": 0.0, ""training_popularity"": 0.0, ""truncated_svd"": 0.5}}",24968.0,0.033322652995834666,0.026598045498237743,0.16661326497917334,0.26598045498237743,0.16661326497917334,0.26598045498237743,0.1043936977721223,0.13632197996792764,0.11751325241511834,0.09711406791168888,32.0,46.780599166933676,,,,,,
rank_normalized_hybrid,hybrid_item_item_cosine=0.00_truncated_svd=0.75_graph_personalized_pagerank=0.00_training_popularity=0.25,"{""normalization"": ""candidate_rank"", ""weights"": {""graph_personalized_pagerank"": 0.0, ""item_item_cosine"": 0.0, ""training_popularity"": 0.25, ""truncated_svd"": 0.75}}",24968.0,0.016709388016661324,0.015976449855815443,0.08354694008330663,0.15976449855815444,0.08354694008330663,0.15976449855815444,0.04718488255302937,0.07173695005863394,0.06739423653543465,0.0456075522700803,43.0,55.142822813200894,,,,,,
rank_normalized_hybrid,hybrid_item_item_cosine=0.00_truncated_svd=0.75_graph_personalized_pagerank=0.25_training_popularity=0.00,"{""normalization"": ""candidate_rank"", ""weights"": {""graph_personalized_pagerank"": 0.25, ""item_item_cosine"": 0.0, ""training_popularity"": 0.0, ""truncated_svd"": 0.75}}",24968.0,0.03270586350528677,0.02568888176866389,0.16352931752643385,0.2568888176866389,0.16352931752643385,0.2568888176866389,0.10449939498285787,0.13463641319231548,0.11789660607985956,0.09769649595927231,34.0,48.92746715796219,,,,,,
rank_normalized_hybrid,hybrid_item_item_cosine=0.25_truncated_svd=0.00_graph_personalized_pagerank=0.00_training_popularity=0.75,"{""normalization"": ""candidate_rank"", ""weights"": {""graph_personalized_pagerank"": 0.0, ""item_item_cosine"": 0.25, ""training_popularity"": 0.75, ""truncated_svd"": 0.0}}",24968.0,0.006464274271066965,0.006360140980454983,0.032321371355334826,0.06360140980454983,0.032321371355334826,0.06360140980454983,0.01785212733736522,0.0278677966479385,0.03392127751275325,0.017205531016208683,78.0,75.45065684075617,,,,,,
rank_normalized_hybrid,hybrid_item_item_cosine=0.25_truncated_svd=0.00_graph_personalized_pagerank=0.25_training_popularity=0.50,"{""normalization"": ""candidate_rank"", ""weights"": {""graph_personalized_pagerank"": 0.25, ""item_item_cosine"": 0.25, ""training_popularity"": 0.5, ""truncated_svd"": 0.0}}",24968.0,0.011342518423582184,0.011638897789170138,0.05671259211791092,0.11638897789170138,0.05671259211791092,0.11638897789170138,0.0336149946502739,0.05256941048568368,0.05527105810562994,0.033746147449687985,54.0,59.85108939442486,,,,,,
rank_normalized_hybrid,hybrid_item_item_cosine=0.25_truncated_svd=0.00_graph_personalized_pagerank=0.50_training_popularity=0.25,"{""normalization"": ""candidate_rank"", ""weights"": {""graph_personalized_pagerank"": 0.5, ""item_item_cosine"": 0.25, ""training_popularity"": 0.25, ""truncated_svd"": 0.0}}",24968.0,0.018263377122717077,0.018852130727330985,0.09131688561358539,0.18852130727330985,0.09131688561358539,0.18852130727330985,0.053700487747340084,0.08455454892604686,0.07880284364632777,0.05394940444403757,32.0,48.945330022428706,,,,,,
rank_normalized_hybrid,hybrid_item_item_cosine=0.25_truncated_svd=0.00_graph_personalized_pagerank=0.75_training_popularity=0.00,"{""normalization"": ""candidate_rank"", ""weights"": {""graph_personalized_pagerank"": 0.75, ""item_item_cosine"": 0.25, ""training_popularity"": 0.0, ""truncated_svd"": 0.0}}",24968.0,0.034804549823774435,0.027975809035565524,0.17402274911887217,0.27975809035565524,0.17402274911887217,0.27975809035565524,0.11072670008738057,0.14455070159099193,0.12456714312675932,0.10380045187999369,29.0,45.87808394745274,,,,,,
rank_normalized_hybrid,hybrid_item_item_cosine=0.25_truncated_svd=0.25_graph_personalized_pagerank=0.00_training_popularity=0.50,"{""normalization"": ""candidate_rank"", ""weights"": {""graph_personalized_pagerank"": 0.0, ""item_item_cosine"": 0.25, ""training_popularity"": 0.5, ""truncated_svd"": 0.25}}",24968.0,0.011542774751682153,0.011694969561038129,0.057713873758410764,0.1169496956103813,0.057713873758410764,0.1169496956103813,0.03468153296168093,0.053673283610322184,0.055419077816809915,0.034922875884306516,58.0,60.68071131047741,,,,,,
rank_normalized_hybrid,hybrid_item_item_cosine=0.25_truncated_svd=0.25_graph_personalized_pagerank=0.25_training_popularity=0.25,"{""normalization"": ""candidate_rank"", ""weights"": {""graph_personalized_pagerank"": 0.25, ""item_item_cosine"": 0.25, ""training_popularity"": 0.25, ""truncated_svd"": 0.25}}",24968.0,0.024110861903236143,0.02155158603011855,0.12055430951618071,0.21551586030118552,0.12055430951618071,0.21551586030118552,0.07329156111244765,0.1038891844312735,0.0945346031884649,0.07051948716579444,30.0,46.320730535084905,,,,,,
rank_normalized_hybrid,hybrid_item_item_cosine=0.25_truncated_svd=0.25_graph_personalized_pagerank=0.50_training_popularity=0.00,"{""normalization"": ""candidate_rank"", ""weights"": {""graph_personalized_pagerank"": 0.5, ""item_item_cosine"": 0.25, ""training_popularity"": 0.0, ""truncated_svd"": 0.25}}",24968.0,0.03399551425825056,0.027258891380967636,0.1699775712912528,0.27258891380967637,0.1699775712912528,0.27258891380967637,0.10806197837050771,0.14101481578255262,0.1229205276920469,0.10124551489398494,28.0,44.195089714834985,,,,,,
rank_normalized_hybrid,hybrid_item_item_cosine=0.25_truncated_svd=0.50_graph_personalized_pagerank=0.00_training_popularity=0.25,"{""normalization"": ""candidate_rank"", ""weights"": {""graph_personalized_pagerank"": 0.0, ""item_item_cosine"": 0.25, ""training_popularity"": 0.25, ""truncated_svd"": 0.5}}",24968.0,0.025304389618711953,0.020970842678628646,0.12652194809355977,0.20970842678628646,0.12652194809355977,0.20970842678628646,0.07388676265059174,0.10077959898242785,0.09005803050516557,0.06786488292315751,36.0,49.167013777635376,,,,,,
rank_normalized_hybrid,hybrid_item_item_cosine=0.25_truncated_svd=0.50_graph_personalized_pagerank=0.25_training_popularity=0.00,"{""normalization"": ""candidate_rank"", ""weights"": {""graph_personalized_pagerank"": 0.25, ""item_item_cosine"": 0.25, ""training_popularity"": 0.0, ""truncated_svd"": 0.5}}",24968.0,0.03386735020826658,0.026722204421659724,0.16933675104133292,0.26722204421659723,0.16933675104133292,0.26722204421659723,0.1077648591616574,0.1393156518766174,0.12185416050805987,0.10065730166358972,31.0,44.44452899711631,,,,,,
rank_normalized_hybrid,hybrid_item_item_cosine=0.25_truncated_svd=0.75_graph_personalized_pagerank=0.00_training_popularity=0.00,"{""normalization"": ""candidate_rank"", ""weights"": {""graph_personalized_pagerank"": 0.0, ""item_item_cosine"": 0.25, ""training_popularity"": 0.0, ""truncated_svd"": 0.75}}",24968.0,0.03299423261775072,0.026337712271707787,0.1649711630887536,0.26337712271707786,0.1649711630887536,0.26337712271707786,0.10430031530011732,0.1359780981979897,0.11814541970977394,0.09751122706906111,32.0,47.103732777955784,,,,,,
rank_normalized_hybrid,hybrid_item_item_cosine=0.50_truncated_svd=0.00_graph_personalized_pagerank=0.00_training_popularity=0.50,"{""normalization"": ""candidate_rank"", ""weights"": {""graph_personalized_pagerank"": 0.0, ""item_item_cosine"": 0.5, ""training_popularity"": 0.5, ""truncated_svd"": 0.0}}",24968.0,0.012271707785966037,0.011979333546940083,0.06135853892983018,0.11979333546940084,0.06135853892983018,0.11979333546940084,0.03496834949695786,0.05360167848883256,0.05602202497461961,0.03395034533091246,51.0,57.3525712912528,,,,,,
rank_normalized_hybrid,hybrid_item_item_cosine=0.50_truncated_svd=0.00_graph_personalized_pagerank=0.25_training_popularity=0.25,"{""normalization"": ""candidate_rank"", ""weights"": {""graph_personalized_pagerank"": 0.25, ""item_item_cosine"": 0.5, ""training_popularity"": 0.25, ""truncated_svd"": 0.0}}",24968.0,0.01869593079141301,0.020017622556872797,0.09347965395706505,0.20017622556872797,0.09347965395706505,0.20017622556872797,0.054624769873051544,0.08851593816883072,0.08055542623644531,0.055711008503583,30.0,46.168695930791415,,,,,,
rank_normalized_hybrid,hybrid_item_item_cosine=0.50_truncated_svd=0.00_graph_personalized_pagerank=0.50_training_popularity=0.00,"{""normalization"": ""candidate_rank"", ""weights"": {""graph_personalized_pagerank"": 0.5, ""item_item_cosine"": 0.5, ""training_popularity"": 0.0, ""truncated_svd"": 0.0}}",24968.0,0.035157000961230374,0.02853252162768343,0.17578500480615186,0.2853252162768343,0.17578500480615186,0.2853252162768343,0.11087174633977069,0.14597929096244894,0.12488416338047,0.10393745263778906,28.0,43.79585869913489,,,,,,
rank_normalized_hybrid,hybrid_item_item_cosine=0.50_truncated_svd=0.25_graph_personalized_pagerank=0.00_training_popularity=0.25,"{""normalization"": ""candidate_rank"", ""weights"": {""graph_personalized_pagerank"": 0.0, ""item_item_cosine"": 0.5, ""training_popularity"": 0.25, ""truncated_svd"": 0.25}}",24968.0,0.025344440884331944,0.021904037167574494,0.1267222044216597,0.21904037167574494,0.1267222044216597,0.21904037167574494,0.07576046434908563,0.10551425013780202,0.09630509922194565,0.07144222382427284,28.0,43.99755687279718,,,,,,
rank_normalized_hybrid,hybrid_item_item_cosine=0.50_truncated_svd=0.25_graph_personalized_pagerank=0.25_training_popularity=0.00,"{""normalization"": ""candidate_rank"", ""weights"": {""graph_personalized_pagerank"": 0.25, ""item_item_cosine"": 0.5, ""training_popularity"": 0.0, ""truncated_svd"": 0.25}}",24968.0,0.03504485741749439,0.027455142582505608,0.17522428708747195,0.2745514258250561,0.17522428708747195,0.2745514258250561,0.11304130821441814,0.14495957577844656,0.12823017680523782,0.10584053938247305,26.0,41.66204742069849,,,,,,
rank_normalized_hybrid,hybrid_item_item_cosine=0.50_truncated_svd=0.50_graph_personalized_pagerank=0.00_training_popularity=0.00,"{""normalization"": ""candidate_rank"", ""weights"": {""graph_personalized_pagerank"": 0.0, ""item_item_cosine"": 0.5, ""training_popularity"": 0.0, ""truncated_svd"": 0.5}}",24968.0,0.033651073373918615,0.027286927266901635,0.16825536686959308,0.27286927266901634,0.16825536686959308,0.27286927266901634,0.10801248663402638,0.14174261603756483,0.12388553135296117,0.10221488266886376,29.0,42.57677827619353,,,,,,
rank_normalized_hybrid,hybrid_item_item_cosine=0.75_truncated_svd=0.00_graph_personalized_pagerank=0.00_training_popularity=0.25,"{""normalization"": ""candidate_rank"", ""weights"": {""graph_personalized_pagerank"": 0.0, ""item_item_cosine"": 0.75, ""training_popularity"": 0.25, ""truncated_svd"": 0.0}}",24968.0,0.019833386735020827,0.020838673502082666,0.09916693367510414,0.20838673502082666,0.09916693367510414,0.20838673502082666,0.05803707019485482,0.09273118088873045,0.08384752543720816,0.05875752709499906,29.0,44.22380647228452,,,,,,
rank_normalized_hybrid,hybrid_item_item_cosine=0.75_truncated_svd=0.00_graph_personalized_pagerank=0.25_training_popularity=0.00,"{""normalization"": ""candidate_rank"", ""weights"": {""graph_personalized_pagerank"": 0.25, ""item_item_cosine"": 0.75, ""training_popularity"": 0.0, ""truncated_svd"": 0.0}}",24968.0,0.03595001602050625,0.02960990067286126,0.17975008010253124,0.2960990067286126,0.17975008010253124,0.2960990067286126,0.11687427375363729,0.15427152371251265,0.13276991509753547,0.11171172116181731,26.0,41.536686959307914,,,,,,
rank_normalized_hybrid,hybrid_item_item_cosine=0.75_truncated_svd=0.25_graph_personalized_pagerank=0.00_training_popularity=0.00,"{""normalization"": ""candidate_rank"", ""weights"": {""graph_personalized_pagerank"": 0.0, ""item_item_cosine"": 0.75, ""training_popularity"": 0.0, ""truncated_svd"": 0.25}}",24968.0,0.03538929830182634,0.02791973726369753,0.1769464915091317,0.2791973726369753,0.1769464915091317,0.2791973726369753,0.1144489883057321,0.14739473241547962,0.1305931518643735,0.1076191493365476,25.0,40.06111823133611,,,,,,
herd_mitigation_reranker,herd_mitigation_penalty_0.00,"{""base_hybrid"": ""hybrid_item_item_cosine=0.75_truncated_svd=0.00_graph_personalized_pagerank=0.25_training_popularity=0.00"", ""popularity_penalty"": 0.0}",24968.0,0.03595001602050625,0.02960990067286126,0.17975008010253124,0.2960990067286126,0.17975008010253124,0.2960990067286126,0.11687427375363729,0.15427152371251265,0.13276991509753547,0.11171172116181731,26.0,41.536686959307914,,,,,,
herd_mitigation_reranker,herd_mitigation_penalty_0.05,"{""base_hybrid"": ""hybrid_item_item_cosine=0.75_truncated_svd=0.00_graph_personalized_pagerank=0.25_training_popularity=0.00"", ""popularity_penalty"": 0.05}",24968.0,0.03703140019224607,0.0300184235821852,0.18515700096123036,0.300184235821852,0.18515700096123036,0.300184235821852,0.12088946992933329,0.15786606382228063,0.13594724783395976,0.11507919025241199,26.0,41.279718039090035,,,,,,
herd_mitigation_reranker,herd_mitigation_penalty_0.10,"{""base_hybrid"": ""hybrid_item_item_cosine=0.75_truncated_svd=0.00_graph_personalized_pagerank=0.25_training_popularity=0.00"", ""popularity_penalty"": 0.1}",24968.0,0.03781640499839795,0.02954581864786927,0.18908202499198976,0.2954581864786927,0.18908202499198976,0.2954581864786927,0.1217037704288448,0.15580766557772804,0.13507880975474823,0.11364106373618549,26.0,41.081904838192884,,,,,,
herd_mitigation_reranker,herd_mitigation_penalty_0.20,"{""base_hybrid"": ""hybrid_item_item_cosine=0.75_truncated_svd=0.00_graph_personalized_pagerank=0.25_training_popularity=0.00"", ""popularity_penalty"": 0.2}",24968.0,0.03495674463313041,0.02906119833386735,0.17478372316565202,0.2906119833386735,0.17478372316565202,0.2906119833386735,0.11374456359524734,0.15077504069339154,0.1304276447314793,0.1088847693301394,27.0,40.970962832425506,,,,,,
herd_mitigation_reranker,herd_mitigation_penalty_0.30,"{""base_hybrid"": ""hybrid_item_item_cosine=0.75_truncated_svd=0.00_graph_personalized_pagerank=0.25_training_popularity=0.00"", ""popularity_penalty"": 0.3}",24968.0,0.03277795578340276,0.02662207625760974,0.16388977891701378,0.2662207625760974,0.16388977891701378,0.2662207625760974,0.10615051400754975,0.13894255823338042,0.1235696761855935,0.10068420912100821,27.0,41.17254085229093,,,,,,
