n_splits,validation_samples_per_repo,gap_samples,fold,baseline,validation_rows,rmsle,mae,rmse,smape,forecast_bias
3,1,4,1,last_week_x4,22,0.8653667779780025,49.86363636363637,81.05693846135118,0.5296880348222445,-26.318181818181817
3,1,4,1,previous_week_x4,22,0.9141824499965576,54.22727272727273,76.59842153607464,0.5764999411052216,-25.227272727272727
3,1,4,1,rolling_3week_mean_x4,22,0.7877201139005949,54.16666666666668,88.13353619377926,0.46693177751020465,-17.712121212121215
3,1,4,1,previous_4week_total,22,0.8389422973695974,66.04545454545455,115.22053951996895,0.510982061154317,-6.681818181818182
3,1,4,2,last_week_x4,22,0.5322916403522603,26.40909090909091,39.22487615137757,0.32796031379576457,-4.318181818181818
3,1,4,2,previous_week_x4,22,0.8967213165988315,53.31818181818182,79.1916547485793,0.5610244016649237,-26.863636363636363
3,1,4,2,rolling_3week_mean_x4,22,0.5274870151520753,39.227272727272734,53.148210912808,0.3980836944785046,-18.984848484848488
3,1,4,2,previous_4week_total,22,0.5636190539111664,46.04545454545455,72.46974290256338,0.39240130794417816,-14.772727272727273
3,1,4,3,last_week_x4,22,0.6874265590425014,35.95454545454545,49.25859408173452,0.4393802336606946,0.4090909090909091
3,1,4,3,previous_week_x4,22,0.5502967102982032,29.045454545454547,41.563204881240814,0.36109678108901794,-0.5
3,1,4,3,rolling_3week_mean_x4,22,0.47518638582564593,27.045454545454547,34.58418217286129,0.33032937756010755,-7.7121212121212155
3,1,4,3,previous_4week_total,22,0.4898194464455324,31.818181818181817,41.610750359186575,0.37638738959138035,-11.272727272727273
3,2,4,1,last_week_x4,40,0.741962313730805,68.525,156.61313801849448,0.5023548555340739,34.225
3,2,4,1,previous_week_x4,40,0.8676037158360195,67.325,160.64393857223496,0.5362797326193881,13.425
3,2,4,1,rolling_3week_mean_x4,40,0.6306193252236563,42.50833333333334,83.21863773618664,0.4412809251093711,8.191666666666666
3,2,4,1,previous_4week_total,40,0.6277029687365927,38.075,68.19219163511318,0.4269545969336681,4.525
3,2,4,2,last_week_x4,40,0.7806605003322586,44.025,70.32407127008504,0.4882146724050214,-25.475
3,2,4,2,previous_week_x4,40,0.8858889203502979,61.975,112.98882688124522,0.5496432208808977,-8.175
3,2,4,2,rolling_3week_mean_x4,40,0.7731374193719708,59.458333333333336,110.50081699044381,0.4612076303938311,-4.441666666666668
3,2,4,2,previous_4week_total,40,0.7931598262571126,60.525,109.41766310792788,0.46376870333011216,-3.575
3,2,4,3,last_week_x4,40,0.5433519095547625,29.575,43.05258412685585,0.36609960648019424,1.925
3,2,4,3,previous_week_x4,40,0.7289705813977054,38.625,61.02069321140166,0.450521470947786,-15.475
3,2,4,3,rolling_3week_mean_x4,40,0.49599144008165374,32.075,44.594126419418856,0.3556985554024931,-13.108333333333334
3,2,4,3,previous_4week_total,40,0.5054443354376664,38.2,59.734412192638175,0.3695980903755138,-11.95
4,1,4,1,last_week_x4,21,0.7170722407962828,42.95238095238095,61.95466852773043,0.47207908762536227,-18.571428571428573
4,1,4,1,previous_week_x4,21,0.9490389481136761,68.57142857142857,136.62287335512133,0.5409040486116704,6.190476190476191
4,1,4,1,rolling_3week_mean_x4,21,0.8332980826558275,64.66666666666666,125.24646601272727,0.4854780447959194,7.650793650793652
4,1,4,1,previous_4week_total,21,0.8158440125031267,53.857142857142854,97.02503358853912,0.44245644488802904,-2.8095238095238093
4,1,4,2,last_week_x4,21,0.8167337446685924,48.42857142857143,81.10692531056354,0.4914192110836212,-23.761904761904763
4,1,4,2,previous_week_x4,21,0.7727449331880113,52.42857142857143,75.78698217152248,0.5228235714576749,-22.047619047619047
4,1,4,2,rolling_3week_mean_x4,21,0.6707445660219006,52.55555555555557,88.13989001377418,0.41433669208552054,-14.365079365079369
4,1,4,2,previous_4week_total,21,0.7329305216274471,65.0,116.35802712400411,0.46048460828411436,-2.8095238095238093
4,1,4,3,last_week_x4,21,0.5442530113607511,27.047619047619047,40.047590736641375,0.3381233075510905,-5.142857142857143
4,1,4,3,previous_week_x4,21,0.8453975701807426,51.714285714285715,78.8005317845242,0.5224980045938497,-24.0
4,1,4,3,rolling_3week_mean_x4,21,0.5135524889142895,38.349206349206355,52.92342476530491,0.38190959078375575,-17.142857142857146
4,1,4,3,previous_4week_total,21,0.5346165759953901,45.0,72.67573119523398,0.3667296154979453,-12.238095238095237
4,1,4,4,last_week_x4,21,0.5219047500672328,32.904761904761905,45.45065351303438,0.3834981864156586,5.190476190476191
4,1,4,4,previous_week_x4,21,0.5630488176832795,30.047619047619047,42.5054618339136,0.3750077936531912,-0.9047619047619048
4,1,4,4,rolling_3week_mean_x4,21,0.45540262731813785,25.41269841269841,32.77024395528494,0.3101499021746013,-5.158730158730163
4,1,4,4,previous_4week_total,21,0.44989340555169594,29.904761904761905,39.58595229431293,0.34919781666465405,-8.380952380952381
4,2,4,1,last_week_x4,38,0.9113131887770379,50.36842105263158,114.37749134473876,0.4894521323823038,-35.10526315789474
4,2,4,1,previous_week_x4,38,0.9411682347597841,62.421052631578945,133.55582314050122,0.5287711640176953,-18.36842105263158
4,2,4,1,rolling_3week_mean_x4,38,0.8336431365960542,56.1578947368421,122.38702870533967,0.46055001871032814,-17.84210526315789
4,2,4,1,previous_4week_total,38,0.7521538848823395,49.86842105263158,115.84256557932407,0.4166921670893793,-16.605263157894736
4,2,4,2,last_week_x4,38,0.7089204045957201,65.73684210526316,158.11970814943706,0.4715648614812801,42.421052631578945
4,2,4,2,previous_week_x4,38,0.8532588900109183,65.52631578947368,162.59199824941214,0.5210274277641608,19.473684210526315
4,2,4,2,rolling_3week_mean_x4,38,0.6124432206835178,39.40350877192983,81.67583192394085,0.4216403549288371,13.964912280701753
4,2,4,2,previous_4week_total,38,0.6159464944556793,35.18421052631579,65.93078507838831,0.41165874637355815,9.657894736842104
4,2,4,3,last_week_x4,38,0.7664513504231465,38.473684210526315,62.14033354136087,0.46981011899030867,-18.94736842105263
4,2,4,3,previous_week_x4,38,0.8725600637087698,56.94736842105263,110.0581186177749,0.5289612699759606,-0.3157894736842105
4,2,4,3,rolling_3week_mean_x4,38,0.752408244490918,53.59649122807018,106.30308099598884,0.43272226848725315,4.31578947368421
4,2,4,3,previous_4week_total,38,0.7702793741823792,54.526315789473685,104.71615770362531,0.4338707772658911,5.421052631578948
4,2,4,4,last_week_x4,38,0.5506977508895294,26.63157894736842,38.23748505273189,0.3680646324820293,-2.473684210526316
4,2,4,4,previous_week_x4,38,0.7192058097765012,33.78947368421053,54.192638847570045,0.43575198722474345,-14.157894736842104
4,2,4,4,rolling_3week_mean_x4,38,0.5044405176735621,30.859649122807014,43.66325150700234,0.3603217110408925,-12.6140350877193
4,2,4,4,previous_4week_total,38,0.510400326375979,37.1578947368421,58.844576729944414,0.37309485968544254,-10.105263157894736
5,1,4,1,last_week_x4,21,0.7680115278293738,57.523809523809526,128.04165988718933,0.4710854117884554,17.428571428571427
5,1,4,1,previous_week_x4,21,0.8141762108435073,88.95238095238095,210.2107785737245,0.5113046840821137,46.76190476190476
5,1,4,1,rolling_3week_mean_x4,21,0.6784455049403912,53.84126984126984,108.19735055289784,0.4554602367441426,14.06349206349206
5,1,4,1,previous_4week_total,21,0.6448462366483316,45.61904761904762,81.98141485088179,0.4386073348512917,6.666666666666667
5,1,4,2,last_week_x4,21,0.7170722407962828,42.95238095238095,61.95466852773043,0.47207908762536227,-18.571428571428573
5,1,4,2,previous_week_x4,21,0.9490389481136761,68.57142857142857,136.62287335512133,0.5409040486116704,6.190476190476191
5,1,4,2,rolling_3week_mean_x4,21,0.8332980826558275,64.66666666666666,125.24646601272727,0.4854780447959194,7.650793650793652
5,1,4,2,previous_4week_total,21,0.8158440125031267,53.857142857142854,97.02503358853912,0.44245644488802904,-2.8095238095238093
5,1,4,3,last_week_x4,21,0.8167337446685924,48.42857142857143,81.10692531056354,0.4914192110836212,-23.761904761904763
5,1,4,3,previous_week_x4,21,0.7727449331880113,52.42857142857143,75.78698217152248,0.5228235714576749,-22.047619047619047
5,1,4,3,rolling_3week_mean_x4,21,0.6707445660219006,52.55555555555557,88.13989001377418,0.41433669208552054,-14.365079365079369
5,1,4,3,previous_4week_total,21,0.7329305216274471,65.0,116.35802712400411,0.46048460828411436,-2.8095238095238093
5,1,4,4,last_week_x4,21,0.5442530113607511,27.047619047619047,40.047590736641375,0.3381233075510905,-5.142857142857143
5,1,4,4,previous_week_x4,21,0.8453975701807426,51.714285714285715,78.8005317845242,0.5224980045938497,-24.0
5,1,4,4,rolling_3week_mean_x4,21,0.5135524889142895,38.349206349206355,52.92342476530491,0.38190959078375575,-17.142857142857146
5,1,4,4,previous_4week_total,21,0.5346165759953901,45.0,72.67573119523398,0.3667296154979453,-12.238095238095237
5,1,4,5,last_week_x4,21,0.5219047500672328,32.904761904761905,45.45065351303438,0.3834981864156586,5.190476190476191
5,1,4,5,previous_week_x4,21,0.5630488176832795,30.047619047619047,42.5054618339136,0.3750077936531912,-0.9047619047619048
5,1,4,5,rolling_3week_mean_x4,21,0.45540262731813785,25.41269841269841,32.77024395528494,0.3101499021746013,-5.158730158730163
5,1,4,5,previous_4week_total,21,0.44989340555169594,29.904761904761905,39.58595229431293,0.34919781666465405,-8.380952380952381
5,2,4,1,last_week_x4,30,0.8747018415758605,53.7,97.10046343864688,0.5545138164913336,24.366666666666667
5,2,4,1,previous_week_x4,30,0.8762378839751173,47.36666666666667,80.77602779703064,0.564408566068015,4.366666666666666
5,2,4,1,rolling_3week_mean_x4,30,0.6498700753585193,33.788888888888884,49.33900117591596,0.4494019137579661,4.855555555555556
5,2,4,1,previous_4week_total,30,0.5205862912331777,29.766666666666666,42.2378187568124,0.3947415890480336,-0.9666666666666667
5,2,4,2,last_week_x4,30,0.6420783649181058,28.266666666666666,40.942235731169674,0.4464300429382793,-10.133333333333333
5,2,4,2,previous_week_x4,30,0.7879471328789573,45.0,90.86693568069741,0.5086684398171201,8.533333333333333
5,2,4,2,rolling_3week_mean_x4,30,0.5644623637442571,37.44444444444445,66.02221848236647,0.43180314957879473,8.444444444444445
5,2,4,2,previous_4week_total,30,0.5140177682904213,31.933333333333334,56.974848251955294,0.39696151609030184,8.066666666666666
5,2,4,3,last_week_x4,30,0.7009890458565161,35.9,54.57624635926024,0.4701611628153132,8.9
5,2,4,3,previous_week_x4,30,0.7077148930698808,38.36666666666667,56.21535970414729,0.49578219626382675,5.033333333333333
5,2,4,3,rolling_3week_mean_x4,30,0.6346209541952169,30.588888888888892,42.74978882339004,0.4564963849173191,1.61111111111111
5,2,4,3,previous_4week_total,30,0.6585971865213156,32.333333333333336,49.50555524383097,0.4604614359229282,3.6
5,2,4,4,last_week_x4,30,0.8439988702004432,42.9,67.97327906366344,0.5189056647227255,-24.833333333333332
5,2,4,4,previous_week_x4,30,0.9236565182860502,48.03333333333333,71.25236838168959,0.5599187381241465,-19.766666666666666
5,2,4,4,rolling_3week_mean_x4,30,0.762830886531398,39.34444444444445,65.50575321071962,0.4212068658557443,-18.255555555555556
5,2,4,4,previous_4week_total,30,0.7781123170640322,39.3,65.9320357135538,0.423129062799843,-17.366666666666667
5,2,4,5,last_week_x4,30,0.5463510695590226,23.066666666666666,30.094296248071107,0.346375112634575,-6.866666666666666
5,2,4,5,previous_week_x4,30,0.7492552884277395,30.333333333333332,50.983003703848865,0.42577702398975675,-21.666666666666668
5,2,4,5,rolling_3week_mean_x4,30,0.5051848218501462,27.866666666666667,39.88622708543779,0.3477824799626766,-19.266666666666666
5,2,4,5,previous_4week_total,30,0.47175273678255564,31.033333333333335,46.28066550947599,0.3502083320546781,-20.5
