model,parameters_json,rank_test_roc_auc,mean_test_roc_auc,std_test_roc_auc,mean_test_pr_auc,std_test_pr_auc,mean_test_accuracy,mean_test_balanced_accuracy,mean_test_precision,mean_test_recall,mean_test_f1,mean_test_mcc,mean_test_cohen_kappa,mean_test_neg_log_loss,mean_fit_time,std_fit_time,param_model__strategy,param_model__C,param_model__penalty,param_model__kernel,param_model__gamma,param_model__criterion,param_model__max_depth,param_model__min_samples_leaf,param_model__max_features,param_model__n_estimators,param_model__n_neighbors,param_model__p,param_model__weights,param_model__learning_rate,param_model__subsample,param_model__colsample_bytree,param_model__reg_lambda
dummy,"{""model__strategy"": ""most_frequent""}",1,0.5,0.0,0.5,0.019444069369563374,0.4826086956521739,0.5,0.19130434782608696,0.4,0.25882352941176473,0.0,0.0,-18.648672840456264,0.008542442321777343,0.00279485000110383,most_frequent,,,,,,,,,,,,,,,,
dummy,"{""model__strategy"": ""prior""}",1,0.5,0.0,0.5,0.019444069369563374,0.4826086956521739,0.5,0.19130434782608696,0.4,0.25882352941176473,0.0,0.0,-0.693567452315297,0.005512428283691406,0.003779415958549927,prior,,,,,,,,,,,,,,,,
dummy,"{""model__strategy"": ""stratified""}",3,0.48484848484848475,0.0556186510393262,0.4955254890037499,0.03043439343927834,0.48260869565217385,0.48484848484848475,0.48461538461538456,0.5015151515151515,0.4895104895104895,-0.030535240827622954,-0.03007518796992483,-18.648672840456264,0.0010114669799804687,0.0005445823266143288,stratified,,,,,,,,,,,,,,,,
logistic_regression,"{""model__C"": 0.01, ""model__penalty"": ""l1""}",8,0.5,0.0,0.5,0.019444069369563374,0.5,0.5,0.0,0.0,0.0,0.0,0.0,-0.6931471805599453,0.003904294967651367,0.0013331542804797384,,0.01,l1,,,,,,,,,,,,,,
logistic_regression,"{""model__C"": 0.01, ""model__penalty"": ""l2""}",1,1.0,0.0,1.0,0.0,0.9913043478260869,0.9916666666666666,1.0,0.9833333333333332,0.9913043478260869,0.9833333333333332,0.9826415094339623,-0.4142038465875186,0.005946302413940429,0.0038508055906882744,,0.01,l2,,,,,,,,,,,,,,
logistic_regression,"{""model__C"": 0.1, ""model__penalty"": ""l1""}",1,1.0,0.0,1.0,0.0,0.9826086956521738,0.9825757575757577,1.0,0.9651515151515152,0.9817805383022774,0.966544778299071,0.9651510151373843,-0.1564056383877932,0.012424230575561523,0.005006071949717341,,0.1,l1,,,,,,,,,,,,,,
logistic_regression,"{""model__C"": 0.1, ""model__penalty"": ""l2""}",1,1.0,0.0,1.0,0.0,0.9913043478260869,0.9916666666666666,1.0,0.9833333333333332,0.9913043478260869,0.9833333333333332,0.9826415094339623,-0.15107815586650988,0.004408550262451172,0.0022956783310274743,,0.1,l2,,,,,,,,,,,,,,
logistic_regression,"{""model__C"": 1.0, ""model__penalty"": ""l1""}",1,1.0,0.0,1.0,0.0,0.9913043478260869,0.9916666666666666,1.0,0.9833333333333332,0.9913043478260869,0.9833333333333332,0.9826415094339623,-0.04279419248705594,0.0035226821899414064,0.001287255371522206,,1.0,l1,,,,,,,,,,,,,,
logistic_regression,"{""model__C"": 1.0, ""model__penalty"": ""l2""}",1,1.0,0.0,1.0,0.0,0.9913043478260869,0.9916666666666666,1.0,0.9833333333333332,0.9913043478260869,0.9833333333333332,0.9826415094339623,-0.05850305196587398,0.003398895263671875,0.001944210449625116,,1.0,l2,,,,,,,,,,,,,,
logistic_regression,"{""model__C"": 10.0, ""model__penalty"": ""l1""}",1,1.0,0.0,1.0,0.0,0.9826086956521738,0.9833333333333332,0.9833333333333332,0.9833333333333332,0.9826086956521738,0.9666666666666666,0.9652830188679247,-0.048431186962580794,0.004734611511230469,0.0009240934180438062,,10.0,l1,,,,,,,,,,,,,,
logistic_regression,"{""model__C"": 10.0, ""model__penalty"": ""l2""}",1,1.0,0.0,1.0,0.0,0.9826086956521738,0.9833333333333332,0.9833333333333332,0.9833333333333332,0.9826086956521738,0.9666666666666666,0.9652830188679247,-0.05036945621127494,0.003562259674072266,0.0011611521686932726,,10.0,l2,,,,,,,,,,,,,,
support_vector_machine,"{""model__C"": 0.1, ""model__kernel"": ""linear""}",2,0.9954545454545455,0.009090909090909084,0.9966666666666667,0.006666666666666599,0.9913043478260869,0.9916666666666666,1.0,0.9833333333333332,0.9913043478260869,0.9833333333333332,0.9826415094339623,-0.06777825441292158,0.004822492599487305,0.0013919856996502857,,0.1,,linear,,,,,,,,,,,,,
support_vector_machine,"{""model__C"": 1.0, ""model__kernel"": ""linear""}",2,0.9954545454545455,0.009090909090909084,0.9966666666666667,0.006666666666666599,0.9826086956521738,0.9833333333333332,0.9833333333333332,0.9833333333333332,0.9826086956521738,0.9666666666666666,0.9652830188679247,-0.08471807862809719,0.005353784561157227,0.001577930130142537,,1.0,,linear,,,,,,,,,,,,,
support_vector_machine,"{""model__C"": 10.0, ""model__kernel"": ""linear""}",2,0.9954545454545455,0.009090909090909084,0.9966666666666667,0.006666666666666599,0.9742753623188406,0.975,0.9679487179487178,0.9833333333333332,0.9746086956521738,0.9506399088682265,0.9486163522012578,-0.08994971048133799,0.0038042068481445312,0.0014912267589508505,,10.0,,linear,,,,,,,,,,,,,
support_vector_machine,"{""model__C"": 0.1, ""model__gamma"": ""scale"", ""model__kernel"": ""rbf""}",1,0.995580808080808,0.00361561137961525,0.9959207459207459,0.003357776291582261,0.7054347826086956,0.7166666666666667,0.7980116959064327,0.7333333333333333,0.6738156411990083,0.518784212680482,0.4254191543208258,-0.5860855306181649,0.009751844406127929,0.003769563618797442,,0.1,,rbf,scale,,,,,,,,,,,,
support_vector_machine,"{""model__C"": 0.1, ""model__gamma"": 0.1, ""model__kernel"": ""rbf""}",6,0.9804292929292929,0.01839278559053547,0.9831357531357533,0.016391884632771577,0.5326086956521738,0.55,0.3246376811594203,0.6,0.4188235294117647,0.11547005383792515,0.1,-0.7004168631505527,0.005453729629516601,0.0025777072160108657,,0.1,,rbf,0.1,,,,,,,,,,,,
support_vector_machine,"{""model__C"": 1.0, ""model__gamma"": ""scale"", ""model__kernel"": ""rbf""}",5,0.9910353535353534,0.005708411391645121,0.9922577422577422,0.0048949349940272885,0.939855072463768,0.9386363636363637,0.9547619047619047,0.9303030303030303,0.9392530657748048,0.8849743157434494,0.8790791684670411,-0.1495909977498707,0.00653533935546875,0.00302454229352013,,1.0,,rbf,scale,,,,,,,,,,,,
support_vector_machine,"{""model__C"": 1.0, ""model__gamma"": 0.1, ""model__kernel"": ""rbf""}",8,0.9637626262626263,0.034457438527708724,0.971287323787324,0.02863332850010113,0.8960144927536232,0.8946969696969695,0.8734032634032634,0.9287878787878789,0.8985656565656566,0.7971333170869153,0.791065830721003,-0.2573956623172034,0.003676033020019531,6.137110966409664e-05,,1.0,,rbf,0.1,,,,,,,,,,,,
support_vector_machine,"{""model__C"": 10.0, ""model__gamma"": ""scale"", ""model__kernel"": ""rbf""}",7,0.97739898989899,0.022045035112350893,0.9787217328126421,0.024160667437771524,0.9311594202898551,0.9303030303030301,0.9479487179487179,0.9121212121212121,0.9285424430641822,0.8645188079454469,0.8618557046177392,-0.19540915450197877,0.0034097671508789063,0.00012164410303815871,,10.0,,rbf,scale,,,,,,,,,,,,
support_vector_machine,"{""model__C"": 10.0, ""model__gamma"": 0.1, ""model__kernel"": ""rbf""}",9,0.9455808080808081,0.04256455272715028,0.9507284176092226,0.050126216363116656,0.8786231884057971,0.8772727272727273,0.8705461205461205,0.8939393939393939,0.8804948384948383,0.7596093442464751,0.7562198920092282,-0.31621723786146305,0.005955791473388672,0.0020631678643885792,,10.0,,rbf,0.1,,,,,,,,,,,,
decision_tree,"{""model__criterion"": ""gini"", ""model__max_depth"": 2, ""model__min_samples_leaf"": 1}",1,0.9833333333333332,0.020412414523193187,0.9753623188405797,0.03315959764825379,0.9826086956521738,0.9833333333333332,0.9833333333333332,0.9833333333333332,0.9826086956521738,0.9666666666666666,0.9652830188679247,-0.6268461458976897,0.00225977897644043,0.001011177716155355,,,,,,gini,2,1.0,,,,,,,,,
decision_tree,"{""model__criterion"": ""gini"", ""model__max_depth"": 2, ""model__min_samples_leaf"": 3}",1,0.9833333333333332,0.020412414523193187,0.9753623188405797,0.03315959764825379,0.9826086956521738,0.9833333333333332,0.9833333333333332,0.9833333333333332,0.9826086956521738,0.9666666666666666,0.9652830188679247,-0.6268461458976897,0.0015670299530029298,0.0007787417490135385,,,,,,gini,2,3.0,,,,,,,,,
decision_tree,"{""model__criterion"": ""gini"", ""model__max_depth"": 2, ""model__min_samples_leaf"": 5}",1,0.9833333333333332,0.020412414523193187,0.9753623188405797,0.03315959764825379,0.9826086956521738,0.9833333333333332,0.9833333333333332,0.9833333333333332,0.9826086956521738,0.9666666666666666,0.9652830188679247,-0.6268461458976897,0.001519489288330078,0.0008987202225626448,,,,,,gini,2,5.0,,,,,,,,,
decision_tree,"{""model__criterion"": ""gini"", ""model__max_depth"": 3, ""model__min_samples_leaf"": 1}",1,0.9833333333333332,0.020412414523193187,0.9753623188405797,0.03315959764825379,0.9826086956521738,0.9833333333333332,0.9833333333333332,0.9833333333333332,0.9826086956521738,0.9666666666666666,0.9652830188679247,-0.6268461458976897,0.0018779277801513673,0.0007924372884200531,,,,,,gini,3,1.0,,,,,,,,,
decision_tree,"{""model__criterion"": ""gini"", ""model__max_depth"": 3, ""model__min_samples_leaf"": 3}",1,0.9833333333333332,0.020412414523193187,0.9753623188405797,0.03315959764825379,0.9826086956521738,0.9833333333333332,0.9833333333333332,0.9833333333333332,0.9826086956521738,0.9666666666666666,0.9652830188679247,-0.6268461458976897,0.0010927200317382812,2.4176819526334192e-05,,,,,,gini,3,3.0,,,,,,,,,
decision_tree,"{""model__criterion"": ""gini"", ""model__max_depth"": 3, ""model__min_samples_leaf"": 5}",1,0.9833333333333332,0.020412414523193187,0.9753623188405797,0.03315959764825379,0.9826086956521738,0.9833333333333332,0.9833333333333332,0.9833333333333332,0.9826086956521738,0.9666666666666666,0.9652830188679247,-0.6268461458976897,0.0010797977447509766,8.402595965014713e-05,,,,,,gini,3,5.0,,,,,,,,,
decision_tree,"{""model__criterion"": ""gini"", ""model__max_depth"": 5, ""model__min_samples_leaf"": 1}",1,0.9833333333333332,0.020412414523193187,0.9753623188405797,0.03315959764825379,0.9826086956521738,0.9833333333333332,0.9833333333333332,0.9833333333333332,0.9826086956521738,0.9666666666666666,0.9652830188679247,-0.6268461458976897,0.0014585494995117188,0.000717104027350529,,,,,,gini,5,1.0,,,,,,,,,
decision_tree,"{""model__criterion"": ""gini"", ""model__max_depth"": 5, ""model__min_samples_leaf"": 3}",1,0.9833333333333332,0.020412414523193187,0.9753623188405797,0.03315959764825379,0.9826086956521738,0.9833333333333332,0.9833333333333332,0.9833333333333332,0.9826086956521738,0.9666666666666666,0.9652830188679247,-0.6268461458976897,0.0014897823333740235,0.0008812205173690077,,,,,,gini,5,3.0,,,,,,,,,
decision_tree,"{""model__criterion"": ""gini"", ""model__max_depth"": 5, ""model__min_samples_leaf"": 5}",1,0.9833333333333332,0.020412414523193187,0.9753623188405797,0.03315959764825379,0.9826086956521738,0.9833333333333332,0.9833333333333332,0.9833333333333332,0.9826086956521738,0.9666666666666666,0.9652830188679247,-0.6268461458976897,0.002159452438354492,0.0015086041696552883,,,,,,gini,5,5.0,,,,,,,,,
decision_tree,"{""model__criterion"": ""gini"", ""model__max_depth"": null, ""model__min_samples_leaf"": 1}",1,0.9833333333333332,0.020412414523193187,0.9753623188405797,0.03315959764825379,0.9826086956521738,0.9833333333333332,0.9833333333333332,0.9833333333333332,0.9826086956521738,0.9666666666666666,0.9652830188679247,-0.6268461458976897,0.0019445419311523438,0.0005254800868910773,,,,,,gini,,1.0,,,,,,,,,
decision_tree,"{""model__criterion"": ""gini"", ""model__max_depth"": null, ""model__min_samples_leaf"": 3}",1,0.9833333333333332,0.020412414523193187,0.9753623188405797,0.03315959764825379,0.9826086956521738,0.9833333333333332,0.9833333333333332,0.9833333333333332,0.9826086956521738,0.9666666666666666,0.9652830188679247,-0.6268461458976897,0.0018068313598632812,0.0009638950143261421,,,,,,gini,,3.0,,,,,,,,,
decision_tree,"{""model__criterion"": ""gini"", ""model__max_depth"": null, ""model__min_samples_leaf"": 5}",1,0.9833333333333332,0.020412414523193187,0.9753623188405797,0.03315959764825379,0.9826086956521738,0.9833333333333332,0.9833333333333332,0.9833333333333332,0.9826086956521738,0.9666666666666666,0.9652830188679247,-0.6268461458976897,0.0015409469604492187,0.0010417311066173924,,,,,,gini,,5.0,,,,,,,,,
decision_tree,"{""model__criterion"": ""entropy"", ""model__max_depth"": 2, ""model__min_samples_leaf"": 1}",1,0.9833333333333332,0.020412414523193187,0.9753623188405797,0.03315959764825379,0.9826086956521738,0.9833333333333332,0.9833333333333332,0.9833333333333332,0.9826086956521738,0.9666666666666666,0.9652830188679247,-0.6268461458976897,0.0018483638763427735,0.0006289954344899804,,,,,,entropy,2,1.0,,,,,,,,,
decision_tree,"{""model__criterion"": ""entropy"", ""model__max_depth"": 2, ""model__min_samples_leaf"": 3}",1,0.9833333333333332,0.020412414523193187,0.9753623188405797,0.03315959764825379,0.9826086956521738,0.9833333333333332,0.9833333333333332,0.9833333333333332,0.9826086956521738,0.9666666666666666,0.9652830188679247,-0.6268461458976897,0.0014193058013916016,0.0006445103967857732,,,,,,entropy,2,3.0,,,,,,,,,
decision_tree,"{""model__criterion"": ""entropy"", ""model__max_depth"": 2, ""model__min_samples_leaf"": 5}",1,0.9833333333333332,0.020412414523193187,0.9753623188405797,0.03315959764825379,0.9826086956521738,0.9833333333333332,0.9833333333333332,0.9833333333333332,0.9826086956521738,0.9666666666666666,0.9652830188679247,-0.6268461458976897,0.0020235061645507814,0.0007754372048982319,,,,,,entropy,2,5.0,,,,,,,,,
decision_tree,"{""model__criterion"": ""entropy"", ""model__max_depth"": 3, ""model__min_samples_leaf"": 1}",1,0.9833333333333332,0.020412414523193187,0.9753623188405797,0.03315959764825379,0.9826086956521738,0.9833333333333332,0.9833333333333332,0.9833333333333332,0.9826086956521738,0.9666666666666666,0.9652830188679247,-0.6268461458976897,0.0013559818267822265,0.0005158980877831788,,,,,,entropy,3,1.0,,,,,,,,,
decision_tree,"{""model__criterion"": ""entropy"", ""model__max_depth"": 3, ""model__min_samples_leaf"": 3}",1,0.9833333333333332,0.020412414523193187,0.9753623188405797,0.03315959764825379,0.9826086956521738,0.9833333333333332,0.9833333333333332,0.9833333333333332,0.9826086956521738,0.9666666666666666,0.9652830188679247,-0.6268461458976897,0.001206827163696289,0.0003283440010159719,,,,,,entropy,3,3.0,,,,,,,,,
decision_tree,"{""model__criterion"": ""entropy"", ""model__max_depth"": 3, ""model__min_samples_leaf"": 5}",1,0.9833333333333332,0.020412414523193187,0.9753623188405797,0.03315959764825379,0.9826086956521738,0.9833333333333332,0.9833333333333332,0.9833333333333332,0.9826086956521738,0.9666666666666666,0.9652830188679247,-0.6268461458976897,0.0013222217559814454,0.0005825867021553786,,,,,,entropy,3,5.0,,,,,,,,,
decision_tree,"{""model__criterion"": ""entropy"", ""model__max_depth"": 5, ""model__min_samples_leaf"": 1}",1,0.9833333333333332,0.020412414523193187,0.9753623188405797,0.03315959764825379,0.9826086956521738,0.9833333333333332,0.9833333333333332,0.9833333333333332,0.9826086956521738,0.9666666666666666,0.9652830188679247,-0.6268461458976897,0.0015051841735839843,0.0007541074866653129,,,,,,entropy,5,1.0,,,,,,,,,
decision_tree,"{""model__criterion"": ""entropy"", ""model__max_depth"": 5, ""model__min_samples_leaf"": 3}",1,0.9833333333333332,0.020412414523193187,0.9753623188405797,0.03315959764825379,0.9826086956521738,0.9833333333333332,0.9833333333333332,0.9833333333333332,0.9826086956521738,0.9666666666666666,0.9652830188679247,-0.6268461458976897,0.0017928123474121095,0.0013827341689304844,,,,,,entropy,5,3.0,,,,,,,,,
decision_tree,"{""model__criterion"": ""entropy"", ""model__max_depth"": 5, ""model__min_samples_leaf"": 5}",1,0.9833333333333332,0.020412414523193187,0.9753623188405797,0.03315959764825379,0.9826086956521738,0.9833333333333332,0.9833333333333332,0.9833333333333332,0.9826086956521738,0.9666666666666666,0.9652830188679247,-0.6268461458976897,0.0024273872375488283,0.0007547332296212918,,,,,,entropy,5,5.0,,,,,,,,,
decision_tree,"{""model__criterion"": ""entropy"", ""model__max_depth"": null, ""model__min_samples_leaf"": 1}",1,0.9833333333333332,0.020412414523193187,0.9753623188405797,0.03315959764825379,0.9826086956521738,0.9833333333333332,0.9833333333333332,0.9833333333333332,0.9826086956521738,0.9666666666666666,0.9652830188679247,-0.6268461458976897,0.0022940635681152344,0.001151570493850427,,,,,,entropy,,1.0,,,,,,,,,
decision_tree,"{""model__criterion"": ""entropy"", ""model__max_depth"": null, ""model__min_samples_leaf"": 3}",1,0.9833333333333332,0.020412414523193187,0.9753623188405797,0.03315959764825379,0.9826086956521738,0.9833333333333332,0.9833333333333332,0.9833333333333332,0.9826086956521738,0.9666666666666666,0.9652830188679247,-0.6268461458976897,0.0011146068572998047,6.697516960694591e-05,,,,,,entropy,,3.0,,,,,,,,,
decision_tree,"{""model__criterion"": ""entropy"", ""model__max_depth"": null, ""model__min_samples_leaf"": 5}",1,0.9833333333333332,0.020412414523193187,0.9753623188405797,0.03315959764825379,0.9826086956521738,0.9833333333333332,0.9833333333333332,0.9833333333333332,0.9826086956521738,0.9666666666666666,0.9652830188679247,-0.6268461458976897,0.0015286922454833985,0.0005713182061036063,,,,,,entropy,,5.0,,,,,,,,,
random_forest,"{""model__max_depth"": 3, ""model__max_features"": ""sqrt"", ""model__min_samples_leaf"": 1, ""model__n_estimators"": 200}",20,0.9893939393939395,0.021212121212121238,0.993859649122807,0.012280701754385915,0.9913043478260869,0.9916666666666666,1.0,0.9833333333333332,0.9913043478260869,0.9833333333333332,0.9826415094339623,-0.10509222560096107,0.1344162940979004,0.007884946251169452,,,,,,,3,1.0,sqrt,200.0,,,,,,,
random_forest,"{""model__max_depth"": 3, ""model__max_features"": ""sqrt"", ""model__min_samples_leaf"": 1, ""model__n_estimators"": 500}",23,0.9878787878787879,0.024242424242424267,0.9933333333333334,0.01333333333333324,0.9913043478260869,0.9916666666666666,1.0,0.9833333333333332,0.9913043478260869,0.9833333333333332,0.9826415094339623,-0.10573030755572096,0.3327758312225342,0.027213232971847093,,,,,,,3,1.0,sqrt,500.0,,,,,,,
random_forest,"{""model__max_depth"": 3, ""model__max_features"": ""sqrt"", ""model__min_samples_leaf"": 3, ""model__n_estimators"": 200}",23,0.9878787878787879,0.024242424242424267,0.9933333333333334,0.01333333333333324,0.9913043478260869,0.9916666666666666,1.0,0.9833333333333332,0.9913043478260869,0.9833333333333332,0.9826415094339623,-0.11213889939075465,0.1371157169342041,0.02050618991278417,,,,,,,3,3.0,sqrt,200.0,,,,,,,
random_forest,"{""model__max_depth"": 3, ""model__max_features"": ""sqrt"", ""model__min_samples_leaf"": 3, ""model__n_estimators"": 500}",18,0.990909090909091,0.018181818181818167,0.9944444444444445,0.011111111111111027,0.9913043478260869,0.9916666666666666,1.0,0.9833333333333332,0.9913043478260869,0.9833333333333332,0.9826415094339623,-0.11305372578545858,0.3413475513458252,0.036980661260977515,,,,,,,3,3.0,sqrt,500.0,,,,,,,
random_forest,"{""model__max_depth"": 3, ""model__max_features"": 0.7, ""model__min_samples_leaf"": 1, ""model__n_estimators"": 200}",1,1.0,0.0,1.0,0.0,0.9826086956521738,0.9833333333333332,0.9833333333333332,0.9833333333333332,0.9826086956521738,0.9666666666666666,0.9652830188679247,-0.04890320141447359,0.1268627166748047,0.012199001462804466,,,,,,,3,1.0,0.7,200.0,,,,,,,
random_forest,"{""model__max_depth"": 3, ""model__max_features"": 0.7, ""model__min_samples_leaf"": 1, ""model__n_estimators"": 500}",1,1.0,0.0,1.0,0.0,0.9826086956521738,0.9833333333333332,0.9833333333333332,0.9833333333333332,0.9826086956521738,0.9666666666666666,0.9652830188679247,-0.0544287950936182,0.33663077354431153,0.013184806988801381,,,,,,,3,1.0,0.7,500.0,,,,,,,
random_forest,"{""model__max_depth"": 3, ""model__max_features"": 0.7, ""model__min_samples_leaf"": 3, ""model__n_estimators"": 200}",1,1.0,4.965068306494546e-17,1.0,0.0,0.9826086956521738,0.9833333333333332,0.9833333333333332,0.9833333333333332,0.9826086956521738,0.9666666666666666,0.9652830188679247,-0.04926036928613409,0.14399828910827636,0.011924960451876618,,,,,,,3,3.0,0.7,200.0,,,,,,,
random_forest,"{""model__max_depth"": 3, ""model__max_features"": 0.7, ""model__min_samples_leaf"": 3, ""model__n_estimators"": 500}",1,1.0,0.0,1.0,0.0,0.9826086956521738,0.9833333333333332,0.9833333333333332,0.9833333333333332,0.9826086956521738,0.9666666666666666,0.9652830188679247,-0.054384403814524064,0.3785435199737549,0.022428839861940587,,,,,,,3,3.0,0.7,500.0,,,,,,,
random_forest,"{""model__max_depth"": 5, ""model__max_features"": ""sqrt"", ""model__min_samples_leaf"": 1, ""model__n_estimators"": 200}",18,0.990909090909091,0.018181818181818167,0.9944444444444445,0.011111111111111027,0.9826086956521738,0.9833333333333332,0.9833333333333332,0.9833333333333332,0.9826086956521738,0.9666666666666666,0.9652830188679247,-0.07170076627940827,0.14437427520751953,0.00646206718718511,,,,,,,5,1.0,sqrt,200.0,,,,,,,
random_forest,"{""model__max_depth"": 5, ""model__max_features"": ""sqrt"", ""model__min_samples_leaf"": 1, ""model__n_estimators"": 500}",20,0.9893939393939395,0.021212121212121238,0.993859649122807,0.012280701754385915,0.9913043478260869,0.9916666666666666,1.0,0.9833333333333332,0.9913043478260869,0.9833333333333332,0.9826415094339623,-0.07290575062904706,0.394882869720459,0.03421445467001892,,,,,,,5,1.0,sqrt,500.0,,,,,,,
random_forest,"{""model__max_depth"": 5, ""model__max_features"": ""sqrt"", ""model__min_samples_leaf"": 3, ""model__n_estimators"": 200}",13,0.9939393939393939,0.01212121212121211,0.9958333333333333,0.008333333333333259,0.9913043478260869,0.9916666666666666,1.0,0.9833333333333332,0.9913043478260869,0.9833333333333332,0.9826415094339623,-0.08350901414464384,0.17460641860961915,0.022877321848220614,,,,,,,5,3.0,sqrt,200.0,,,,,,,
random_forest,"{""model__max_depth"": 5, ""model__max_features"": ""sqrt"", ""model__min_samples_leaf"": 3, ""model__n_estimators"": 500}",16,0.9924242424242424,0.015151515151515181,0.9950980392156863,0.009803921568627371,0.9913043478260869,0.9916666666666666,1.0,0.9833333333333332,0.9913043478260869,0.9833333333333332,0.9826415094339623,-0.08568371183356836,0.5208132266998291,0.03558405381933121,,,,,,,5,3.0,sqrt,500.0,,,,,,,
random_forest,"{""model__max_depth"": 5, ""model__max_features"": 0.7, ""model__min_samples_leaf"": 1, ""model__n_estimators"": 200}",1,1.0,0.0,1.0,0.0,0.9826086956521738,0.9833333333333332,0.9833333333333332,0.9833333333333332,0.9826086956521738,0.9666666666666666,0.9652830188679247,-0.04890320141447359,0.20013937950134278,0.02290490117274318,,,,,,,5,1.0,0.7,200.0,,,,,,,
random_forest,"{""model__max_depth"": 5, ""model__max_features"": 0.7, ""model__min_samples_leaf"": 1, ""model__n_estimators"": 500}",1,1.0,0.0,1.0,0.0,0.9826086956521738,0.9833333333333332,0.9833333333333332,0.9833333333333332,0.9826086956521738,0.9666666666666666,0.9652830188679247,-0.0544287950936182,0.42409725189208985,0.007537686490486489,,,,,,,5,1.0,0.7,500.0,,,,,,,
random_forest,"{""model__max_depth"": 5, ""model__max_features"": 0.7, ""model__min_samples_leaf"": 3, ""model__n_estimators"": 200}",1,1.0,4.965068306494546e-17,1.0,0.0,0.9826086956521738,0.9833333333333332,0.9833333333333332,0.9833333333333332,0.9826086956521738,0.9666666666666666,0.9652830188679247,-0.04926036928613409,0.1526780128479004,0.016118936415976934,,,,,,,5,3.0,0.7,200.0,,,,,,,
random_forest,"{""model__max_depth"": 5, ""model__max_features"": 0.7, ""model__min_samples_leaf"": 3, ""model__n_estimators"": 500}",1,1.0,0.0,1.0,0.0,0.9826086956521738,0.9833333333333332,0.9833333333333332,0.9833333333333332,0.9826086956521738,0.9666666666666666,0.9652830188679247,-0.054384403814524064,0.43236579895019533,0.042640673784315054,,,,,,,5,3.0,0.7,500.0,,,,,,,
random_forest,"{""model__max_depth"": null, ""model__max_features"": ""sqrt"", ""model__min_samples_leaf"": 1, ""model__n_estimators"": 200}",13,0.9939393939393939,0.01212121212121211,0.9950980392156863,0.009803921568627449,0.9826086956521738,0.9833333333333332,0.9833333333333332,0.9833333333333332,0.9826086956521738,0.9666666666666666,0.9652830188679247,-0.06858189706110951,0.16035056114196777,0.01490683443714783,,,,,,,,1.0,sqrt,200.0,,,,,,,
random_forest,"{""model__max_depth"": null, ""model__max_features"": ""sqrt"", ""model__min_samples_leaf"": 1, ""model__n_estimators"": 500}",22,0.9886363636363636,0.022727272727272704,0.9933333333333334,0.01333333333333333,0.9826086956521738,0.9833333333333332,0.9833333333333332,0.9833333333333332,0.9826086956521738,0.9666666666666666,0.9652830188679247,-0.07049561837849,0.37109975814819335,0.029068721051798974,,,,,,,,1.0,sqrt,500.0,,,,,,,
random_forest,"{""model__max_depth"": null, ""model__max_features"": ""sqrt"", ""model__min_samples_leaf"": 3, ""model__n_estimators"": 200}",13,0.9939393939393939,0.01212121212121211,0.9958333333333333,0.008333333333333259,0.9913043478260869,0.9916666666666666,1.0,0.9833333333333332,0.9913043478260869,0.9833333333333332,0.9826415094339623,-0.0832484048697397,0.15765752792358398,0.015619165425163676,,,,,,,,3.0,sqrt,200.0,,,,,,,
random_forest,"{""model__max_depth"": null, ""model__max_features"": ""sqrt"", ""model__min_samples_leaf"": 3, ""model__n_estimators"": 500}",16,0.9924242424242424,0.015151515151515181,0.9950980392156863,0.009803921568627371,0.9913043478260869,0.9916666666666666,1.0,0.9833333333333332,0.9913043478260869,0.9833333333333332,0.9826415094339623,-0.08509695569212256,0.4117379665374756,0.02694695893756427,,,,,,,,3.0,sqrt,500.0,,,,,,,
random_forest,"{""model__max_depth"": null, ""model__max_features"": 0.7, ""model__min_samples_leaf"": 1, ""model__n_estimators"": 200}",1,1.0,0.0,1.0,0.0,0.9826086956521738,0.9833333333333332,0.9833333333333332,0.9833333333333332,0.9826086956521738,0.9666666666666666,0.9652830188679247,-0.04890320141447359,0.17258067131042482,0.03185884419888244,,,,,,,,1.0,0.7,200.0,,,,,,,
random_forest,"{""model__max_depth"": null, ""model__max_features"": 0.7, ""model__min_samples_leaf"": 1, ""model__n_estimators"": 500}",1,1.0,0.0,1.0,0.0,0.9826086956521738,0.9833333333333332,0.9833333333333332,0.9833333333333332,0.9826086956521738,0.9666666666666666,0.9652830188679247,-0.0544287950936182,0.35198974609375,0.0222860855762306,,,,,,,,1.0,0.7,500.0,,,,,,,
random_forest,"{""model__max_depth"": null, ""model__max_features"": 0.7, ""model__min_samples_leaf"": 3, ""model__n_estimators"": 200}",1,1.0,4.965068306494546e-17,1.0,0.0,0.9826086956521738,0.9833333333333332,0.9833333333333332,0.9833333333333332,0.9826086956521738,0.9666666666666666,0.9652830188679247,-0.04926036928613409,0.14563384056091308,0.010936243839804679,,,,,,,,3.0,0.7,200.0,,,,,,,
random_forest,"{""model__max_depth"": null, ""model__max_features"": 0.7, ""model__min_samples_leaf"": 3, ""model__n_estimators"": 500}",1,1.0,0.0,1.0,0.0,0.9826086956521738,0.9833333333333332,0.9833333333333332,0.9833333333333332,0.9826086956521738,0.9666666666666666,0.9652830188679247,-0.054384403814524064,0.29615273475646975,0.01490617692501743,,,,,,,,3.0,0.7,500.0,,,,,,,
knn,"{""model__n_neighbors"": 3, ""model__p"": 1, ""model__weights"": ""uniform""}",12,0.9803030303030302,0.021878074360899426,0.9656198347107438,0.04148860937029,0.9478260869565217,0.9492424242424242,0.9651515151515152,0.9318181818181819,0.9462450592885375,0.8997620063701082,0.8958480678540262,-0.45535662691170964,0.0017290592193603515,4.284757986101258e-05,,,,,,,,,,,3.0,1.0,uniform,,,,
knn,"{""model__n_neighbors"": 3, ""model__p"": 1, ""model__weights"": ""distance""}",11,0.9856060606060606,0.022008847039899904,0.976805315896225,0.04069899804265535,0.9565217391304348,0.9575757575757574,0.9651515151515152,0.9484848484848485,0.9557312252964426,0.915151515151515,0.913076043453402,-0.4419931007740761,0.0029045581817626954,0.0012045583211390796,,,,,,,,,,,3.0,1.0,distance,,,,
knn,"{""model__n_neighbors"": 3, ""model__p"": 2, ""model__weights"": ""uniform""}",16,0.9547979797979798,0.03211541463468021,0.9271799026879242,0.05035172719700922,0.9221014492753623,0.9234848484848485,0.9315850815850816,0.9151515151515153,0.9208537549407113,0.8488867637231833,0.844464420055284,-0.8330293234406024,0.0018411636352539062,0.0008083882320641025,,,,,,,,,,,3.0,2.0,uniform,,,,
knn,"{""model__n_neighbors"": 3, ""model__p"": 2, ""model__weights"": ""distance""}",15,0.9623737373737373,0.030021843559399044,0.9466285482194573,0.05269135751582306,0.9307971014492754,0.9318181818181817,0.9315850815850816,0.9318181818181819,0.9303399209486166,0.8642762725045904,0.8616923956546598,-0.8199597686083864,0.002194976806640625,0.0007463891932721478,,,,,,,,,,,3.0,2.0,distance,,,,
knn,"{""model__n_neighbors"": 5, ""model__p"": 1, ""model__weights"": ""uniform""}",6,0.9946969696969697,0.008834775598250447,0.9920512820512821,0.012932841244018963,0.9742753623188406,0.9742424242424242,0.9525641025641025,1.0,0.9753043478260869,0.9505180205006312,0.9484843484707175,-0.16016578627697775,0.002551364898681641,0.001079702508937587,,,,,,,,,,,5.0,1.0,uniform,,,,
knn,"{""model__n_neighbors"": 5, ""model__p"": 1, ""model__weights"": ""distance""}",8,0.9924242424242424,0.011736313170325495,0.9917115208024299,0.013600351124779881,0.9655797101449277,0.9659090909090908,0.9512820512820512,0.9833333333333332,0.9666376811594202,0.9324580906864085,0.9311263579188107,-0.14583888893599967,0.0023482322692871095,0.001098782749342346,,,,,,,,,,,5.0,1.0,distance,,,,
knn,"{""model__n_neighbors"": 5, ""model__p"": 2, ""model__weights"": ""uniform""}",14,0.9772727272727273,0.024896479886598422,0.9659307359307359,0.03460702560207745,0.9134057971014492,0.9143939393939393,0.8822344322344323,0.9651515151515152,0.9192240802675584,0.8359884000570912,0.8273595262870858,-0.25797425676317703,0.002059316635131836,0.001112122823561189,,,,,,,,,,,5.0,2.0,uniform,,,,
knn,"{""model__n_neighbors"": 5, ""model__p"": 2, ""model__weights"": ""distance""}",13,0.9787878787878788,0.025080220238252772,0.9809665334665334,0.023810641359064487,0.9134057971014492,0.9143939393939393,0.8822344322344323,0.9651515151515152,0.9192240802675584,0.8359884000570912,0.8273595262870858,-0.23795213701992615,0.0019308090209960937,0.0005270839102813093,,,,,,,,,,,5.0,2.0,distance,,,,
knn,"{""model__n_neighbors"": 9, ""model__p"": 1, ""model__weights"": ""uniform""}",1,0.9984848484848484,0.0018556740475630122,0.9972027972027971,0.0034456283214672617,0.9826086956521738,0.9833333333333332,0.9833333333333332,0.9833333333333332,0.9826086956521738,0.9666666666666666,0.9652830188679247,-0.2012048168064043,0.0027791976928710936,0.0010935087444642261,,,,,,,,,,,9.0,1.0,uniform,,,,
knn,"{""model__n_neighbors"": 9, ""model__p"": 1, ""model__weights"": ""distance""}",4,0.9969696969696968,0.0037113480951260513,0.9972027972027971,0.0034456283214672387,0.9739130434782609,0.9742424242424242,0.9818181818181818,0.9651515151515152,0.9731225296442687,0.9484848484848485,0.9477930245854773,-0.16777135110755004,0.0016345500946044922,0.00029540377146445565,,,,,,,,,,,9.0,1.0,distance,,,,
knn,"{""model__n_neighbors"": 9, ""model__p"": 2, ""model__weights"": ""uniform""}",10,0.9901515151515152,0.009153822707268607,0.9886913086913086,0.008083142557750765,0.9394927536231883,0.9393939393939394,0.9328671328671329,0.9469696969696969,0.9389407114624506,0.8808210508036612,0.8787873787737478,-0.2935285780819528,0.0026146411895751954,0.0013593534474511542,,,,,,,,,,,9.0,2.0,uniform,,,,
knn,"{""model__n_neighbors"": 9, ""model__p"": 2, ""model__weights"": ""distance""}",8,0.9924242424242424,0.011736313170325493,0.9936363636363638,0.00940859072500605,0.9481884057971014,0.9484848484848485,0.9343822843822844,0.9651515151515152,0.9484268774703557,0.8990028689854797,0.896277373056195,-0.25917776163888445,0.0026239395141601563,0.0017805404027082384,,,,,,,,,,,9.0,2.0,distance,,,,
knn,"{""model__n_neighbors"": 15, ""model__p"": 1, ""model__weights"": ""uniform""}",6,0.9946969696969697,0.010606060606060641,0.9950980392156863,0.009803921568627461,0.9826086956521738,0.9833333333333332,0.9833333333333332,0.9833333333333332,0.9826086956521738,0.9666666666666666,0.9652830188679247,-0.2631994141408557,0.0014966487884521484,5.2609770184404924e-05,,,,,,,,,,,15.0,1.0,uniform,,,,
knn,"{""model__n_neighbors"": 15, ""model__p"": 1, ""model__weights"": ""distance""}",4,0.9969696969696968,0.0060606060606061,0.9976190476190476,0.004761904761904701,0.9913043478260869,0.9916666666666666,1.0,0.9833333333333332,0.9913043478260869,0.9833333333333332,0.9826415094339623,-0.20806599846913393,0.0021451473236083984,0.001318718266493844,,,,,,,,,,,15.0,1.0,distance,,,,
knn,"{""model__n_neighbors"": 15, ""model__p"": 2, ""model__weights"": ""uniform""}",1,0.9984848484848484,0.0030303030303030277,0.9976190476190476,0.004761904761904789,0.9826086956521738,0.9833333333333332,0.9833333333333332,0.9833333333333332,0.9826086956521738,0.9666666666666666,0.9652830188679247,-0.3239759087555845,0.0019078254699707031,0.0009283276142678774,,,,,,,,,,,15.0,2.0,uniform,,,,
knn,"{""model__n_neighbors"": 15, ""model__p"": 2, ""model__weights"": ""distance""}",1,0.9984848484848484,0.0030303030303030277,0.9987179487179487,0.0025641025641025108,0.9826086956521738,0.9833333333333332,0.9833333333333332,0.9833333333333332,0.9826086956521738,0.9666666666666666,0.9652830188679247,-0.2810106807618837,0.0014458179473876953,0.00011080759898620138,,,,,,,,,,,15.0,2.0,distance,,,,
gradient_boosting,"{""model__learning_rate"": 0.03, ""model__max_depth"": 1, ""model__n_estimators"": 50, ""model__subsample"": 0.8}",1,0.9916666666666666,0.016666666666666698,0.9920289855072465,0.015942028985507273,0.9826086956521738,0.9833333333333332,0.9833333333333332,0.9833333333333332,0.9826086956521738,0.9666666666666666,0.9652830188679247,-0.14843518416475923,0.013040828704833984,0.0022604996125070677,,,,,,,1,,,50.0,,,,0.03,0.8,,
gradient_boosting,"{""model__learning_rate"": 0.03, ""model__max_depth"": 1, ""model__n_estimators"": 50, ""model__subsample"": 1.0}",13,0.9833333333333332,0.020412414523193187,0.9753623188405797,0.03315959764825379,0.9826086956521738,0.9833333333333332,0.9833333333333332,0.9833333333333332,0.9826086956521738,0.9666666666666666,0.9652830188679247,-0.15366723991142295,0.018300485610961915,0.009900277287348007,,,,,,,1,,,50.0,,,,0.03,1.0,,
gradient_boosting,"{""model__learning_rate"": 0.03, ""model__max_depth"": 1, ""model__n_estimators"": 100, ""model__subsample"": 0.8}",1,0.9916666666666666,0.016666666666666698,0.9920289855072465,0.015942028985507273,0.9826086956521738,0.9833333333333332,0.9833333333333332,0.9833333333333332,0.9826086956521738,0.9666666666666666,0.9652830188679247,-0.07402669382468055,0.03669896125793457,0.004397819954193014,,,,,,,1,,,100.0,,,,0.03,0.8,,
gradient_boosting,"{""model__learning_rate"": 0.03, ""model__max_depth"": 1, ""model__n_estimators"": 100, ""model__subsample"": 1.0}",13,0.9833333333333332,0.020412414523193187,0.9753623188405797,0.03315959764825379,0.9826086956521738,0.9833333333333332,0.9833333333333332,0.9833333333333332,0.9826086956521738,0.9666666666666666,0.9652830188679247,-0.08911218756736622,0.02712836265563965,0.00469882221473425,,,,,,,1,,,100.0,,,,0.03,1.0,,
gradient_boosting,"{""model__learning_rate"": 0.03, ""model__max_depth"": 1, ""model__n_estimators"": 200, ""model__subsample"": 0.8}",1,0.9916666666666666,0.016666666666666698,0.9920289855072465,0.015942028985507273,0.9826086956521738,0.9833333333333332,0.9833333333333332,0.9833333333333332,0.9826086956521738,0.9666666666666666,0.9652830188679247,-0.09269685529118377,0.05639810562133789,0.008099219523962926,,,,,,,1,,,200.0,,,,0.03,0.8,,
gradient_boosting,"{""model__learning_rate"": 0.03, ""model__max_depth"": 1, ""model__n_estimators"": 200, ""model__subsample"": 1.0}",13,0.9833333333333332,0.020412414523193187,0.9753623188405797,0.03315959764825379,0.9826086956521738,0.9833333333333332,0.9833333333333332,0.9833333333333332,0.9826086956521738,0.9666666666666666,0.9652830188679247,-0.11797606508071035,0.05554327964782715,0.007379439330993701,,,,,,,1,,,200.0,,,,0.03,1.0,,
gradient_boosting,"{""model__learning_rate"": 0.03, ""model__max_depth"": 2, ""model__n_estimators"": 50, ""model__subsample"": 0.8}",1,0.9916666666666666,0.016666666666666698,0.9920289855072465,0.015942028985507273,0.9826086956521738,0.9833333333333332,0.9833333333333332,0.9833333333333332,0.9826086956521738,0.9666666666666666,0.9652830188679247,-0.14929066976037436,0.017848920822143555,0.0033714958042975977,,,,,,,2,,,50.0,,,,0.03,0.8,,
gradient_boosting,"{""model__learning_rate"": 0.03, ""model__max_depth"": 2, ""model__n_estimators"": 50, ""model__subsample"": 1.0}",13,0.9833333333333332,0.020412414523193187,0.9753623188405797,0.03315959764825379,0.9826086956521738,0.9833333333333332,0.9833333333333332,0.9833333333333332,0.9826086956521738,0.9666666666666666,0.9652830188679247,-0.15366723991142295,0.01827073097229004,0.006785419513317244,,,,,,,2,,,50.0,,,,0.03,1.0,,
gradient_boosting,"{""model__learning_rate"": 0.03, ""model__max_depth"": 2, ""model__n_estimators"": 100, ""model__subsample"": 0.8}",1,0.9916666666666666,0.016666666666666698,0.9920289855072465,0.015942028985507273,0.9826086956521738,0.9833333333333332,0.9833333333333332,0.9833333333333332,0.9826086956521738,0.9666666666666666,0.9652830188679247,-0.07562247078542705,0.037438154220581055,0.0023780980016330964,,,,,,,2,,,100.0,,,,0.03,0.8,,
gradient_boosting,"{""model__learning_rate"": 0.03, ""model__max_depth"": 2, ""model__n_estimators"": 100, ""model__subsample"": 1.0}",13,0.9833333333333332,0.020412414523193187,0.9753623188405797,0.03315959764825379,0.9826086956521738,0.9833333333333332,0.9833333333333332,0.9833333333333332,0.9826086956521738,0.9666666666666666,0.9652830188679247,-0.08911218756736622,0.03178071975708008,0.0053027810543456715,,,,,,,2,,,100.0,,,,0.03,1.0,,
gradient_boosting,"{""model__learning_rate"": 0.03, ""model__max_depth"": 2, ""model__n_estimators"": 200, ""model__subsample"": 0.8}",1,0.9916666666666666,0.016666666666666698,0.9920289855072465,0.015942028985507273,0.9826086956521738,0.9833333333333332,0.9833333333333332,0.9833333333333332,0.9826086956521738,0.9666666666666666,0.9652830188679247,-0.0950212207608233,0.07845253944396972,0.009915411606748373,,,,,,,2,,,200.0,,,,0.03,0.8,,
gradient_boosting,"{""model__learning_rate"": 0.03, ""model__max_depth"": 2, ""model__n_estimators"": 200, ""model__subsample"": 1.0}",13,0.9833333333333332,0.020412414523193187,0.9753623188405797,0.03315959764825379,0.9826086956521738,0.9833333333333332,0.9833333333333332,0.9833333333333332,0.9826086956521738,0.9666666666666666,0.9652830188679247,-0.11797606508071035,0.056433916091918945,0.0038275715154417415,,,,,,,2,,,200.0,,,,0.03,1.0,,
gradient_boosting,"{""model__learning_rate"": 0.1, ""model__max_depth"": 1, ""model__n_estimators"": 50, ""model__subsample"": 0.8}",1,0.9916666666666666,0.016666666666666698,0.9920289855072465,0.015942028985507273,0.9826086956521738,0.9833333333333332,0.9833333333333332,0.9833333333333332,0.9826086956521738,0.9666666666666666,0.9652830188679247,-0.0845077992888274,0.015436267852783203,0.0029018360140479166,,,,,,,1,,,50.0,,,,0.1,0.8,,
gradient_boosting,"{""model__learning_rate"": 0.1, ""model__max_depth"": 1, ""model__n_estimators"": 50, ""model__subsample"": 1.0}",13,0.9833333333333332,0.020412414523193187,0.9753623188405797,0.03315959764825379,0.9826086956521738,0.9833333333333332,0.9833333333333332,0.9833333333333332,0.9826086956521738,0.9666666666666666,0.9652830188679247,-0.10300946490706457,0.01348423957824707,0.003022205513612586,,,,,,,1,,,50.0,,,,0.1,1.0,,
gradient_boosting,"{""model__learning_rate"": 0.1, ""model__max_depth"": 1, ""model__n_estimators"": 100, ""model__subsample"": 0.8}",1,0.9916666666666666,0.016666666666666698,0.9920289855072465,0.015942028985507273,0.9826086956521738,0.9833333333333332,0.9833333333333332,0.9833333333333332,0.9826086956521738,0.9666666666666666,0.9652830188679247,-0.1369986883095272,0.03212881088256836,0.007348982228997052,,,,,,,1,,,100.0,,,,0.1,0.8,,
gradient_boosting,"{""model__learning_rate"": 0.1, ""model__max_depth"": 1, ""model__n_estimators"": 100, ""model__subsample"": 1.0}",13,0.9833333333333332,0.020412414523193187,0.9753623188405797,0.03315959764825379,0.9826086956521738,0.9833333333333332,0.9833333333333332,0.9833333333333332,0.9826086956521738,0.9666666666666666,0.9652830188679247,-0.1867900831753949,0.02938709259033203,0.006692229195799602,,,,,,,1,,,100.0,,,,0.1,1.0,,
gradient_boosting,"{""model__learning_rate"": 0.1, ""model__max_depth"": 1, ""model__n_estimators"": 200, ""model__subsample"": 0.8}",1,0.9916666666666666,0.016666666666666684,0.9920289855072465,0.015942028985507273,0.9826086956521738,0.9833333333333332,0.9833333333333332,0.9833333333333332,0.9826086956521738,0.9666666666666666,0.9652830188679247,-0.26260220971825,0.056024026870727536,0.005326710534726684,,,,,,,1,,,200.0,,,,0.1,0.8,,
gradient_boosting,"{""model__learning_rate"": 0.1, ""model__max_depth"": 1, ""model__n_estimators"": 200, ""model__subsample"": 1.0}",13,0.9833333333333332,0.020412414523193187,0.9753623188405797,0.03315959764825379,0.9826086956521738,0.9833333333333332,0.9833333333333332,0.9833333333333332,0.9826086956521738,0.9666666666666666,0.9652830188679247,-0.3137344009231401,0.05659489631652832,0.004626792986447939,,,,,,,1,,,200.0,,,,0.1,1.0,,
gradient_boosting,"{""model__learning_rate"": 0.1, ""model__max_depth"": 2, ""model__n_estimators"": 50, ""model__subsample"": 0.8}",1,0.9916666666666666,0.016666666666666698,0.9920289855072465,0.015942028985507273,0.9826086956521738,0.9833333333333332,0.9833333333333332,0.9833333333333332,0.9826086956521738,0.9666666666666666,0.9652830188679247,-0.08560555925744846,0.01846027374267578,0.0027866185567628344,,,,,,,2,,,50.0,,,,0.1,0.8,,
gradient_boosting,"{""model__learning_rate"": 0.1, ""model__max_depth"": 2, ""model__n_estimators"": 50, ""model__subsample"": 1.0}",23,0.9825757575757577,0.021373842393433193,0.9739849083722601,0.0356208361227724,0.9826086956521738,0.9833333333333332,0.9833333333333332,0.9833333333333332,0.9826086956521738,0.9666666666666666,0.9652830188679247,-0.10300946490706457,0.016742753982543945,0.0036581964511930272,,,,,,,2,,,50.0,,,,0.1,1.0,,
gradient_boosting,"{""model__learning_rate"": 0.1, ""model__max_depth"": 2, ""model__n_estimators"": 100, ""model__subsample"": 0.8}",1,0.9916666666666666,0.016666666666666698,0.9920289855072465,0.015942028985507273,0.9826086956521738,0.9833333333333332,0.9833333333333332,0.9833333333333332,0.9826086956521738,0.9666666666666666,0.9652830188679247,-0.12405298338605386,0.037037086486816403,0.005291602762426058,,,,,,,2,,,100.0,,,,0.1,0.8,,
gradient_boosting,"{""model__learning_rate"": 0.1, ""model__max_depth"": 2, ""model__n_estimators"": 100, ""model__subsample"": 1.0}",23,0.9825757575757577,0.021373842393433193,0.9739849083722601,0.0356208361227724,0.9826086956521738,0.9833333333333332,0.9833333333333332,0.9833333333333332,0.9826086956521738,0.9666666666666666,0.9652830188679247,-0.1867900831753949,0.030941104888916014,0.0019769560962665644,,,,,,,2,,,100.0,,,,0.1,1.0,,
gradient_boosting,"{""model__learning_rate"": 0.1, ""model__max_depth"": 2, ""model__n_estimators"": 200, ""model__subsample"": 0.8}",1,0.9916666666666666,0.016666666666666698,0.9920289855072465,0.015942028985507273,0.9826086956521738,0.9833333333333332,0.9833333333333332,0.9833333333333332,0.9826086956521738,0.9666666666666666,0.9652830188679247,-0.214496464673186,0.0698361873626709,0.012470903121440412,,,,,,,2,,,200.0,,,,0.1,0.8,,
gradient_boosting,"{""model__learning_rate"": 0.1, ""model__max_depth"": 2, ""model__n_estimators"": 200, ""model__subsample"": 1.0}",13,0.9833333333333332,0.020412414523193187,0.9753623188405797,0.03315959764825379,0.9826086956521738,0.9833333333333332,0.9833333333333332,0.9833333333333332,0.9826086956521738,0.9666666666666666,0.9652830188679247,-0.3137344009231401,0.050680017471313475,0.011053022962308675,,,,,,,2,,,200.0,,,,0.1,1.0,,
xgboost,"{""model__colsample_bytree"": 0.8, ""model__learning_rate"": 0.03, ""model__max_depth"": 2, ""model__n_estimators"": 100, ""model__reg_lambda"": 1.0, ""model__subsample"": 0.8}",1,1.0,0.0,1.0,4.965068306494546e-17,0.9913043478260869,0.9916666666666666,0.9833333333333332,1.0,0.9913043478260869,0.9833333333333332,0.9826415094339623,-0.06766527444124222,0.02093019485473633,0.005685866479785249,,,,,,,2,,,100.0,,,,0.03,0.8,0.8,1.0
xgboost,"{""model__colsample_bytree"": 0.8, ""model__learning_rate"": 0.03, ""model__max_depth"": 2, ""model__n_estimators"": 100, ""model__reg_lambda"": 1.0, ""model__subsample"": 1.0}",1,1.0,0.0,1.0,0.0,0.9913043478260869,0.9916666666666666,0.9833333333333332,1.0,0.9913043478260869,0.9833333333333332,0.9826415094339623,-0.06975905373692512,0.01293649673461914,0.004154946287509789,,,,,,,2,,,100.0,,,,0.03,1.0,0.8,1.0
xgboost,"{""model__colsample_bytree"": 0.8, ""model__learning_rate"": 0.03, ""model__max_depth"": 2, ""model__n_estimators"": 100, ""model__reg_lambda"": 5.0, ""model__subsample"": 0.8}",1,1.0,0.0,1.0,0.0,0.9913043478260869,0.9916666666666666,0.9833333333333332,1.0,0.9913043478260869,0.9833333333333332,0.9826415094339623,-0.1203700691461563,0.014135265350341797,0.00656153627553585,,,,,,,2,,,100.0,,,,0.03,0.8,0.8,5.0
xgboost,"{""model__colsample_bytree"": 0.8, ""model__learning_rate"": 0.03, ""model__max_depth"": 2, ""model__n_estimators"": 100, ""model__reg_lambda"": 5.0, ""model__subsample"": 1.0}",1,1.0,0.0,1.0,0.0,0.9913043478260869,0.9916666666666666,0.9833333333333332,1.0,0.9913043478260869,0.9833333333333332,0.9826415094339623,-0.11164836287498474,0.01562919616699219,0.0026840942310404083,,,,,,,2,,,100.0,,,,0.03,1.0,0.8,5.0
xgboost,"{""model__colsample_bytree"": 0.8, ""model__learning_rate"": 0.03, ""model__max_depth"": 2, ""model__n_estimators"": 300, ""model__reg_lambda"": 1.0, ""model__subsample"": 0.8}",1,1.0,0.0,1.0,4.965068306494546e-17,0.9913043478260869,0.9916666666666666,0.9833333333333332,1.0,0.9913043478260869,0.9833333333333332,0.9826415094339623,-0.048308510705828665,0.027305793762207032,0.0018580307345994122,,,,,,,2,,,300.0,,,,0.03,0.8,0.8,1.0
xgboost,"{""model__colsample_bytree"": 0.8, ""model__learning_rate"": 0.03, ""model__max_depth"": 2, ""model__n_estimators"": 300, ""model__reg_lambda"": 1.0, ""model__subsample"": 1.0}",1,1.0,0.0,1.0,0.0,0.9913043478260869,0.9916666666666666,0.9833333333333332,1.0,0.9913043478260869,0.9833333333333332,0.9826415094339623,-0.054750659689307216,0.025107908248901366,0.004768538761546112,,,,,,,2,,,300.0,,,,0.03,1.0,0.8,1.0
xgboost,"{""model__colsample_bytree"": 0.8, ""model__learning_rate"": 0.03, ""model__max_depth"": 2, ""model__n_estimators"": 300, ""model__reg_lambda"": 5.0, ""model__subsample"": 0.8}",1,1.0,0.0,1.0,0.0,0.9913043478260869,0.9916666666666666,0.9833333333333332,1.0,0.9913043478260869,0.9833333333333332,0.9826415094339623,-0.04851116202771664,0.03483734130859375,0.007061454099418807,,,,,,,2,,,300.0,,,,0.03,0.8,0.8,5.0
xgboost,"{""model__colsample_bytree"": 0.8, ""model__learning_rate"": 0.03, ""model__max_depth"": 2, ""model__n_estimators"": 300, ""model__reg_lambda"": 5.0, ""model__subsample"": 1.0}",1,1.0,0.0,1.0,0.0,0.9913043478260869,0.9916666666666666,0.9833333333333332,1.0,0.9913043478260869,0.9833333333333332,0.9826415094339623,-0.054643554612994194,0.03155741691589355,0.007136651902590488,,,,,,,2,,,300.0,,,,0.03,1.0,0.8,5.0
xgboost,"{""model__colsample_bytree"": 0.8, ""model__learning_rate"": 0.03, ""model__max_depth"": 3, ""model__n_estimators"": 100, ""model__reg_lambda"": 1.0, ""model__subsample"": 0.8}",1,1.0,0.0,1.0,4.965068306494546e-17,0.9913043478260869,0.9916666666666666,0.9833333333333332,1.0,0.9913043478260869,0.9833333333333332,0.9826415094339623,-0.06766527444124222,0.013072824478149414,0.003826420605391913,,,,,,,3,,,100.0,,,,0.03,0.8,0.8,1.0
xgboost,"{""model__colsample_bytree"": 0.8, ""model__learning_rate"": 0.03, ""model__max_depth"": 3, ""model__n_estimators"": 100, ""model__reg_lambda"": 1.0, ""model__subsample"": 1.0}",1,1.0,0.0,1.0,0.0,0.9913043478260869,0.9916666666666666,0.9833333333333332,1.0,0.9913043478260869,0.9833333333333332,0.9826415094339623,-0.06975905373692512,0.011635780334472656,0.005591597326406451,,,,,,,3,,,100.0,,,,0.03,1.0,0.8,1.0
xgboost,"{""model__colsample_bytree"": 0.8, ""model__learning_rate"": 0.03, ""model__max_depth"": 3, ""model__n_estimators"": 100, ""model__reg_lambda"": 5.0, ""model__subsample"": 0.8}",1,1.0,0.0,1.0,0.0,0.9913043478260869,0.9916666666666666,0.9833333333333332,1.0,0.9913043478260869,0.9833333333333332,0.9826415094339623,-0.12037546783685685,0.015580844879150391,0.006111494588542471,,,,,,,3,,,100.0,,,,0.03,0.8,0.8,5.0
xgboost,"{""model__colsample_bytree"": 0.8, ""model__learning_rate"": 0.03, ""model__max_depth"": 3, ""model__n_estimators"": 100, ""model__reg_lambda"": 5.0, ""model__subsample"": 1.0}",1,1.0,0.0,1.0,0.0,0.9913043478260869,0.9916666666666666,0.9833333333333332,1.0,0.9913043478260869,0.9833333333333332,0.9826415094339623,-0.11164836287498474,0.014698362350463868,0.00392172990156566,,,,,,,3,,,100.0,,,,0.03,1.0,0.8,5.0
xgboost,"{""model__colsample_bytree"": 0.8, ""model__learning_rate"": 0.03, ""model__max_depth"": 3, ""model__n_estimators"": 300, ""model__reg_lambda"": 1.0, ""model__subsample"": 0.8}",1,1.0,0.0,1.0,4.965068306494546e-17,0.9913043478260869,0.9916666666666666,0.9833333333333332,1.0,0.9913043478260869,0.9833333333333332,0.9826415094339623,-0.048308510705828665,0.02431201934814453,0.003836927125809796,,,,,,,3,,,300.0,,,,0.03,0.8,0.8,1.0
xgboost,"{""model__colsample_bytree"": 0.8, ""model__learning_rate"": 0.03, ""model__max_depth"": 3, ""model__n_estimators"": 300, ""model__reg_lambda"": 1.0, ""model__subsample"": 1.0}",1,1.0,0.0,1.0,0.0,0.9913043478260869,0.9916666666666666,0.9833333333333332,1.0,0.9913043478260869,0.9833333333333332,0.9826415094339623,-0.054750659689307216,0.026199197769165038,0.004630243381803601,,,,,,,3,,,300.0,,,,0.03,1.0,0.8,1.0
xgboost,"{""model__colsample_bytree"": 0.8, ""model__learning_rate"": 0.03, ""model__max_depth"": 3, ""model__n_estimators"": 300, ""model__reg_lambda"": 5.0, ""model__subsample"": 0.8}",1,1.0,0.0,1.0,0.0,0.9913043478260869,0.9916666666666666,0.9833333333333332,1.0,0.9913043478260869,0.9833333333333332,0.9826415094339623,-0.04853769242763519,0.02565617561340332,0.004192543934931796,,,,,,,3,,,300.0,,,,0.03,0.8,0.8,5.0
xgboost,"{""model__colsample_bytree"": 0.8, ""model__learning_rate"": 0.03, ""model__max_depth"": 3, ""model__n_estimators"": 300, ""model__reg_lambda"": 5.0, ""model__subsample"": 1.0}",1,1.0,0.0,1.0,0.0,0.9913043478260869,0.9916666666666666,0.9833333333333332,1.0,0.9913043478260869,0.9833333333333332,0.9826415094339623,-0.054643554612994194,0.027979421615600585,0.003255236152828695,,,,,,,3,,,300.0,,,,0.03,1.0,0.8,5.0
xgboost,"{""model__colsample_bytree"": 0.8, ""model__learning_rate"": 0.1, ""model__max_depth"": 2, ""model__n_estimators"": 100, ""model__reg_lambda"": 1.0, ""model__subsample"": 0.8}",1,1.0,0.0,1.0,0.0,0.9913043478260869,0.9916666666666666,0.9833333333333332,1.0,0.9913043478260869,0.9833333333333332,0.9826415094339623,-0.05278783142566681,0.012970399856567384,0.003892068624340472,,,,,,,2,,,100.0,,,,0.1,0.8,0.8,1.0
xgboost,"{""model__colsample_bytree"": 0.8, ""model__learning_rate"": 0.1, ""model__max_depth"": 2, ""model__n_estimators"": 100, ""model__reg_lambda"": 1.0, ""model__subsample"": 1.0}",49,0.9916666666666666,0.016666666666666698,0.9833333333333332,0.03333333333333335,0.9913043478260869,0.9916666666666666,0.9833333333333332,1.0,0.9913043478260869,0.9833333333333332,0.9826415094339623,-0.05519368462264538,0.009373617172241212,0.0022099426761469864,,,,,,,2,,,100.0,,,,0.1,1.0,0.8,1.0
xgboost,"{""model__colsample_bytree"": 0.8, ""model__learning_rate"": 0.1, ""model__max_depth"": 2, ""model__n_estimators"": 100, ""model__reg_lambda"": 5.0, ""model__subsample"": 0.8}",1,1.0,0.0,1.0,0.0,0.9913043478260869,0.9916666666666666,0.9833333333333332,1.0,0.9913043478260869,0.9833333333333332,0.9826415094339623,-0.053185288608074185,0.012552785873413085,0.006246742641725038,,,,,,,2,,,100.0,,,,0.1,0.8,0.8,5.0
xgboost,"{""model__colsample_bytree"": 0.8, ""model__learning_rate"": 0.1, ""model__max_depth"": 2, ""model__n_estimators"": 100, ""model__reg_lambda"": 5.0, ""model__subsample"": 1.0}",1,1.0,0.0,1.0,0.0,0.9913043478260869,0.9916666666666666,0.9833333333333332,1.0,0.9913043478260869,0.9833333333333332,0.9826415094339623,-0.054768601432442665,0.016027498245239257,0.0066737445809816704,,,,,,,2,,,100.0,,,,0.1,1.0,0.8,5.0
xgboost,"{""model__colsample_bytree"": 0.8, ""model__learning_rate"": 0.1, ""model__max_depth"": 2, ""model__n_estimators"": 300, ""model__reg_lambda"": 1.0, ""model__subsample"": 0.8}",1,1.0,0.0,1.0,0.0,0.9913043478260869,0.9916666666666666,0.9833333333333332,1.0,0.9913043478260869,0.9833333333333332,0.9826415094339623,-0.05232499539852142,0.027694320678710936,0.006789008846450937,,,,,,,2,,,300.0,,,,0.1,0.8,0.8,1.0
xgboost,"{""model__colsample_bytree"": 0.8, ""model__learning_rate"": 0.1, ""model__max_depth"": 2, ""model__n_estimators"": 300, ""model__reg_lambda"": 1.0, ""model__subsample"": 1.0}",49,0.9916666666666666,0.016666666666666698,0.9833333333333332,0.03333333333333335,0.9913043478260869,0.9916666666666666,0.9833333333333332,1.0,0.9913043478260869,0.9833333333333332,0.9826415094339623,-0.05519364811480045,0.02578568458557129,0.00701789841928216,,,,,,,2,,,300.0,,,,0.1,1.0,0.8,1.0
xgboost,"{""model__colsample_bytree"": 0.8, ""model__learning_rate"": 0.1, ""model__max_depth"": 2, ""model__n_estimators"": 300, ""model__reg_lambda"": 5.0, ""model__subsample"": 0.8}",1,1.0,0.0,1.0,0.0,0.9913043478260869,0.9916666666666666,0.9833333333333332,1.0,0.9913043478260869,0.9833333333333332,0.9826415094339623,-0.051897140219807625,0.02821774482727051,0.004976180953216305,,,,,,,2,,,300.0,,,,0.1,0.8,0.8,5.0
xgboost,"{""model__colsample_bytree"": 0.8, ""model__learning_rate"": 0.1, ""model__max_depth"": 2, ""model__n_estimators"": 300, ""model__reg_lambda"": 5.0, ""model__subsample"": 1.0}",1,1.0,0.0,1.0,0.0,0.9913043478260869,0.9916666666666666,0.9833333333333332,1.0,0.9913043478260869,0.9833333333333332,0.9826415094339623,-0.0546905167400837,0.02668166160583496,0.0023168949751051463,,,,,,,2,,,300.0,,,,0.1,1.0,0.8,5.0
xgboost,"{""model__colsample_bytree"": 0.8, ""model__learning_rate"": 0.1, ""model__max_depth"": 3, ""model__n_estimators"": 100, ""model__reg_lambda"": 1.0, ""model__subsample"": 0.8}",1,1.0,0.0,1.0,0.0,0.9913043478260869,0.9916666666666666,0.9833333333333332,1.0,0.9913043478260869,0.9833333333333332,0.9826415094339623,-0.05278783142566681,0.013122177124023438,0.00216339635350608,,,,,,,3,,,100.0,,,,0.1,0.8,0.8,1.0
xgboost,"{""model__colsample_bytree"": 0.8, ""model__learning_rate"": 0.1, ""model__max_depth"": 3, ""model__n_estimators"": 100, ""model__reg_lambda"": 1.0, ""model__subsample"": 1.0}",49,0.9916666666666666,0.016666666666666698,0.9833333333333332,0.03333333333333335,0.9913043478260869,0.9916666666666666,0.9833333333333332,1.0,0.9913043478260869,0.9833333333333332,0.9826415094339623,-0.05519368462264538,0.010490846633911134,0.0031703370099284527,,,,,,,3,,,100.0,,,,0.1,1.0,0.8,1.0
xgboost,"{""model__colsample_bytree"": 0.8, ""model__learning_rate"": 0.1, ""model__max_depth"": 3, ""model__n_estimators"": 100, ""model__reg_lambda"": 5.0, ""model__subsample"": 0.8}",1,1.0,0.0,1.0,0.0,0.9913043478260869,0.9916666666666666,0.9833333333333332,1.0,0.9913043478260869,0.9833333333333332,0.9826415094339623,-0.053185288608074185,0.013178062438964844,0.002647528926937321,,,,,,,3,,,100.0,,,,0.1,0.8,0.8,5.0
xgboost,"{""model__colsample_bytree"": 0.8, ""model__learning_rate"": 0.1, ""model__max_depth"": 3, ""model__n_estimators"": 100, ""model__reg_lambda"": 5.0, ""model__subsample"": 1.0}",1,1.0,0.0,1.0,0.0,0.9913043478260869,0.9916666666666666,0.9833333333333332,1.0,0.9913043478260869,0.9833333333333332,0.9826415094339623,-0.054768601432442665,0.013322591781616211,0.0034120984389076838,,,,,,,3,,,100.0,,,,0.1,1.0,0.8,5.0
xgboost,"{""model__colsample_bytree"": 0.8, ""model__learning_rate"": 0.1, ""model__max_depth"": 3, ""model__n_estimators"": 300, ""model__reg_lambda"": 1.0, ""model__subsample"": 0.8}",1,1.0,0.0,1.0,0.0,0.9913043478260869,0.9916666666666666,0.9833333333333332,1.0,0.9913043478260869,0.9833333333333332,0.9826415094339623,-0.05232499539852142,0.021509218215942382,0.0033303567555532875,,,,,,,3,,,300.0,,,,0.1,0.8,0.8,1.0
xgboost,"{""model__colsample_bytree"": 0.8, ""model__learning_rate"": 0.1, ""model__max_depth"": 3, ""model__n_estimators"": 300, ""model__reg_lambda"": 1.0, ""model__subsample"": 1.0}",49,0.9916666666666666,0.016666666666666698,0.9833333333333332,0.03333333333333335,0.9913043478260869,0.9916666666666666,0.9833333333333332,1.0,0.9913043478260869,0.9833333333333332,0.9826415094339623,-0.05519364811480045,0.025640535354614257,0.0029853568702382046,,,,,,,3,,,300.0,,,,0.1,1.0,0.8,1.0
xgboost,"{""model__colsample_bytree"": 0.8, ""model__learning_rate"": 0.1, ""model__max_depth"": 3, ""model__n_estimators"": 300, ""model__reg_lambda"": 5.0, ""model__subsample"": 0.8}",1,1.0,0.0,1.0,0.0,0.9913043478260869,0.9916666666666666,0.9833333333333332,1.0,0.9913043478260869,0.9833333333333332,0.9826415094339623,-0.051897140219807625,0.023972177505493165,0.0027019709385741205,,,,,,,3,,,300.0,,,,0.1,0.8,0.8,5.0
xgboost,"{""model__colsample_bytree"": 0.8, ""model__learning_rate"": 0.1, ""model__max_depth"": 3, ""model__n_estimators"": 300, ""model__reg_lambda"": 5.0, ""model__subsample"": 1.0}",1,1.0,0.0,1.0,0.0,0.9913043478260869,0.9916666666666666,0.9833333333333332,1.0,0.9913043478260869,0.9833333333333332,0.9826415094339623,-0.0546905167400837,0.02834005355834961,0.004844493244329298,,,,,,,3,,,300.0,,,,0.1,1.0,0.8,5.0
xgboost,"{""model__colsample_bytree"": 1.0, ""model__learning_rate"": 0.03, ""model__max_depth"": 2, ""model__n_estimators"": 100, ""model__reg_lambda"": 1.0, ""model__subsample"": 0.8}",1,1.0,0.0,1.0,0.0,0.9913043478260869,0.9916666666666666,0.9833333333333332,1.0,0.9913043478260869,0.9833333333333332,0.9826415094339623,-0.06680240482091904,0.016377830505371095,0.004726649490250473,,,,,,,2,,,100.0,,,,0.03,0.8,1.0,1.0
xgboost,"{""model__colsample_bytree"": 1.0, ""model__learning_rate"": 0.03, ""model__max_depth"": 2, ""model__n_estimators"": 100, ""model__reg_lambda"": 1.0, ""model__subsample"": 1.0}",49,0.9916666666666666,0.016666666666666698,0.9833333333333332,0.03333333333333335,0.9913043478260869,0.9916666666666666,0.9833333333333332,1.0,0.9913043478260869,0.9833333333333332,0.9826415094339623,-0.07020519003272056,0.011086750030517577,0.0023500284110121337,,,,,,,2,,,100.0,,,,0.03,1.0,1.0,1.0
xgboost,"{""model__colsample_bytree"": 1.0, ""model__learning_rate"": 0.03, ""model__max_depth"": 2, ""model__n_estimators"": 100, ""model__reg_lambda"": 5.0, ""model__subsample"": 0.8}",1,1.0,0.0,1.0,0.0,0.9913043478260869,0.9916666666666666,0.9833333333333332,1.0,0.9913043478260869,0.9833333333333332,0.9826415094339623,-0.11899435967206955,0.00987257957458496,0.0018501733474525655,,,,,,,2,,,100.0,,,,0.03,0.8,1.0,5.0
xgboost,"{""model__colsample_bytree"": 1.0, ""model__learning_rate"": 0.03, ""model__max_depth"": 2, ""model__n_estimators"": 100, ""model__reg_lambda"": 5.0, ""model__subsample"": 1.0}",49,0.9916666666666666,0.016666666666666698,0.9833333333333332,0.03333333333333335,0.9913043478260869,0.9916666666666666,0.9833333333333332,1.0,0.9913043478260869,0.9833333333333332,0.9826415094339623,-0.11193076819181443,0.010701370239257813,0.0029150778471316047,,,,,,,2,,,100.0,,,,0.03,1.0,1.0,5.0
xgboost,"{""model__colsample_bytree"": 1.0, ""model__learning_rate"": 0.03, ""model__max_depth"": 2, ""model__n_estimators"": 300, ""model__reg_lambda"": 1.0, ""model__subsample"": 0.8}",1,1.0,0.0,1.0,0.0,0.9913043478260869,0.9916666666666666,0.9833333333333332,1.0,0.9913043478260869,0.9833333333333332,0.9826415094339623,-0.047853241488337514,0.028070545196533202,0.005647983868206141,,,,,,,2,,,300.0,,,,0.03,0.8,1.0,1.0
xgboost,"{""model__colsample_bytree"": 1.0, ""model__learning_rate"": 0.03, ""model__max_depth"": 2, ""model__n_estimators"": 300, ""model__reg_lambda"": 1.0, ""model__subsample"": 1.0}",49,0.9916666666666666,0.016666666666666698,0.9833333333333332,0.03333333333333335,0.9913043478260869,0.9916666666666666,0.9833333333333332,1.0,0.9913043478260869,0.9833333333333332,0.9826415094339623,-0.05523393265902996,0.025349950790405272,0.002718622479436637,,,,,,,2,,,300.0,,,,0.03,1.0,1.0,1.0
xgboost,"{""model__colsample_bytree"": 1.0, ""model__learning_rate"": 0.03, ""model__max_depth"": 2, ""model__n_estimators"": 300, ""model__reg_lambda"": 5.0, ""model__subsample"": 0.8}",1,1.0,0.0,1.0,0.0,0.9913043478260869,0.9916666666666666,0.9833333333333332,1.0,0.9913043478260869,0.9833333333333332,0.9826415094339623,-0.04786917045712471,0.026976394653320312,0.003072193338299291,,,,,,,2,,,300.0,,,,0.03,0.8,1.0,5.0
xgboost,"{""model__colsample_bytree"": 1.0, ""model__learning_rate"": 0.03, ""model__max_depth"": 2, ""model__n_estimators"": 300, ""model__reg_lambda"": 5.0, ""model__subsample"": 1.0}",49,0.9916666666666666,0.016666666666666698,0.9833333333333332,0.03333333333333335,0.9913043478260869,0.9916666666666666,0.9833333333333332,1.0,0.9913043478260869,0.9833333333333332,0.9826415094339623,-0.05535056218504906,0.029707956314086913,0.005254313238698837,,,,,,,2,,,300.0,,,,0.03,1.0,1.0,5.0
xgboost,"{""model__colsample_bytree"": 1.0, ""model__learning_rate"": 0.03, ""model__max_depth"": 3, ""model__n_estimators"": 100, ""model__reg_lambda"": 1.0, ""model__subsample"": 0.8}",1,1.0,0.0,1.0,0.0,0.9913043478260869,0.9916666666666666,0.9833333333333332,1.0,0.9913043478260869,0.9833333333333332,0.9826415094339623,-0.06680240482091904,0.010227155685424805,0.0020954616941380394,,,,,,,3,,,100.0,,,,0.03,0.8,1.0,1.0
xgboost,"{""model__colsample_bytree"": 1.0, ""model__learning_rate"": 0.03, ""model__max_depth"": 3, ""model__n_estimators"": 100, ""model__reg_lambda"": 1.0, ""model__subsample"": 1.0}",49,0.9916666666666666,0.016666666666666698,0.9833333333333332,0.03333333333333335,0.9913043478260869,0.9916666666666666,0.9833333333333332,1.0,0.9913043478260869,0.9833333333333332,0.9826415094339623,-0.07020519003272056,0.012369298934936523,0.0035720587329722297,,,,,,,3,,,100.0,,,,0.03,1.0,1.0,1.0
xgboost,"{""model__colsample_bytree"": 1.0, ""model__learning_rate"": 0.03, ""model__max_depth"": 3, ""model__n_estimators"": 100, ""model__reg_lambda"": 5.0, ""model__subsample"": 0.8}",1,1.0,0.0,1.0,0.0,0.9913043478260869,0.9916666666666666,0.9833333333333332,1.0,0.9913043478260869,0.9833333333333332,0.9826415094339623,-0.11899435967206955,0.013699817657470702,0.004853369268973653,,,,,,,3,,,100.0,,,,0.03,0.8,1.0,5.0
xgboost,"{""model__colsample_bytree"": 1.0, ""model__learning_rate"": 0.03, ""model__max_depth"": 3, ""model__n_estimators"": 100, ""model__reg_lambda"": 5.0, ""model__subsample"": 1.0}",49,0.9916666666666666,0.016666666666666698,0.9833333333333332,0.03333333333333335,0.9913043478260869,0.9916666666666666,0.9833333333333332,1.0,0.9913043478260869,0.9833333333333332,0.9826415094339623,-0.11193076819181443,0.014578676223754883,0.004636193511565056,,,,,,,3,,,100.0,,,,0.03,1.0,1.0,5.0
xgboost,"{""model__colsample_bytree"": 1.0, ""model__learning_rate"": 0.03, ""model__max_depth"": 3, ""model__n_estimators"": 300, ""model__reg_lambda"": 1.0, ""model__subsample"": 0.8}",1,1.0,0.0,1.0,0.0,0.9913043478260869,0.9916666666666666,0.9833333333333332,1.0,0.9913043478260869,0.9833333333333332,0.9826415094339623,-0.047853241488337514,0.023916959762573242,0.004304198105874847,,,,,,,3,,,300.0,,,,0.03,0.8,1.0,1.0
xgboost,"{""model__colsample_bytree"": 1.0, ""model__learning_rate"": 0.03, ""model__max_depth"": 3, ""model__n_estimators"": 300, ""model__reg_lambda"": 1.0, ""model__subsample"": 1.0}",49,0.9916666666666666,0.016666666666666698,0.9833333333333332,0.03333333333333335,0.9913043478260869,0.9916666666666666,0.9833333333333332,1.0,0.9913043478260869,0.9833333333333332,0.9826415094339623,-0.05523393265902996,0.03146681785583496,0.00714103987450498,,,,,,,3,,,300.0,,,,0.03,1.0,1.0,1.0
xgboost,"{""model__colsample_bytree"": 1.0, ""model__learning_rate"": 0.03, ""model__max_depth"": 3, ""model__n_estimators"": 300, ""model__reg_lambda"": 5.0, ""model__subsample"": 0.8}",1,1.0,0.0,1.0,0.0,0.9913043478260869,0.9916666666666666,0.9833333333333332,1.0,0.9913043478260869,0.9833333333333332,0.9826415094339623,-0.04786917045712471,0.0329078197479248,0.005069924802364848,,,,,,,3,,,300.0,,,,0.03,0.8,1.0,5.0
xgboost,"{""model__colsample_bytree"": 1.0, ""model__learning_rate"": 0.03, ""model__max_depth"": 3, ""model__n_estimators"": 300, ""model__reg_lambda"": 5.0, ""model__subsample"": 1.0}",49,0.9916666666666666,0.016666666666666698,0.9833333333333332,0.03333333333333335,0.9913043478260869,0.9916666666666666,0.9833333333333332,1.0,0.9913043478260869,0.9833333333333332,0.9826415094339623,-0.05535056218504906,0.030893278121948243,0.005377946939667138,,,,,,,3,,,300.0,,,,0.03,1.0,1.0,5.0
xgboost,"{""model__colsample_bytree"": 1.0, ""model__learning_rate"": 0.1, ""model__max_depth"": 2, ""model__n_estimators"": 100, ""model__reg_lambda"": 1.0, ""model__subsample"": 0.8}",1,1.0,0.0,1.0,0.0,0.9913043478260869,0.9916666666666666,0.9833333333333332,1.0,0.9913043478260869,0.9833333333333332,0.9826415094339623,-0.04688256904482842,0.013115549087524414,0.0057046484768796925,,,,,,,2,,,100.0,,,,0.1,0.8,1.0,1.0
xgboost,"{""model__colsample_bytree"": 1.0, ""model__learning_rate"": 0.1, ""model__max_depth"": 2, ""model__n_estimators"": 100, ""model__reg_lambda"": 1.0, ""model__subsample"": 1.0}",49,0.9916666666666666,0.016666666666666698,0.9833333333333332,0.03333333333333335,0.9913043478260869,0.9916666666666666,0.9833333333333332,1.0,0.9913043478260869,0.9833333333333332,0.9826415094339623,-0.05519368462264538,0.010401391983032226,0.004179522025574448,,,,,,,2,,,100.0,,,,0.1,1.0,1.0,1.0
xgboost,"{""model__colsample_bytree"": 1.0, ""model__learning_rate"": 0.1, ""model__max_depth"": 2, ""model__n_estimators"": 100, ""model__reg_lambda"": 5.0, ""model__subsample"": 0.8}",1,1.0,0.0,1.0,0.0,0.9913043478260869,0.9916666666666666,0.9833333333333332,1.0,0.9913043478260869,0.9833333333333332,0.9826415094339623,-0.049882905930280684,0.009624004364013672,0.0018754289556058596,,,,,,,2,,,100.0,,,,0.1,0.8,1.0,5.0
xgboost,"{""model__colsample_bytree"": 1.0, ""model__learning_rate"": 0.1, ""model__max_depth"": 2, ""model__n_estimators"": 100, ""model__reg_lambda"": 5.0, ""model__subsample"": 1.0}",1,1.0,0.0,1.0,0.0,0.9913043478260869,0.9916666666666666,0.9833333333333332,1.0,0.9913043478260869,0.9833333333333332,0.9826415094339623,-0.05503435395658016,0.015292835235595704,0.005449851838878018,,,,,,,2,,,100.0,,,,0.1,1.0,1.0,5.0
xgboost,"{""model__colsample_bytree"": 1.0, ""model__learning_rate"": 0.1, ""model__max_depth"": 2, ""model__n_estimators"": 300, ""model__reg_lambda"": 1.0, ""model__subsample"": 0.8}",1,1.0,0.0,1.0,0.0,0.9913043478260869,0.9916666666666666,0.9833333333333332,1.0,0.9913043478260869,0.9833333333333332,0.9826415094339623,-0.046326087415218355,0.022438240051269532,0.0031109061597149545,,,,,,,2,,,300.0,,,,0.1,0.8,1.0,1.0
xgboost,"{""model__colsample_bytree"": 1.0, ""model__learning_rate"": 0.1, ""model__max_depth"": 2, ""model__n_estimators"": 300, ""model__reg_lambda"": 1.0, ""model__subsample"": 1.0}",49,0.9916666666666666,0.016666666666666698,0.9833333333333332,0.03333333333333335,0.9913043478260869,0.9916666666666666,0.9833333333333332,1.0,0.9913043478260869,0.9833333333333332,0.9826415094339623,-0.05519364811480045,0.02245917320251465,0.005218751209940549,,,,,,,2,,,300.0,,,,0.1,1.0,1.0,1.0
xgboost,"{""model__colsample_bytree"": 1.0, ""model__learning_rate"": 0.1, ""model__max_depth"": 2, ""model__n_estimators"": 300, ""model__reg_lambda"": 5.0, ""model__subsample"": 0.8}",1,1.0,0.0,1.0,0.0,0.9913043478260869,0.9916666666666666,0.9833333333333332,1.0,0.9913043478260869,0.9833333333333332,0.9826415094339623,-0.04847556762397289,0.027716779708862306,0.009581068553227776,,,,,,,2,,,300.0,,,,0.1,0.8,1.0,5.0
xgboost,"{""model__colsample_bytree"": 1.0, ""model__learning_rate"": 0.1, ""model__max_depth"": 2, ""model__n_estimators"": 300, ""model__reg_lambda"": 5.0, ""model__subsample"": 1.0}",1,1.0,0.0,1.0,0.0,0.9913043478260869,0.9916666666666666,0.9833333333333332,1.0,0.9913043478260869,0.9833333333333332,0.9826415094339623,-0.05495509952306747,0.023357582092285157,0.0032828249154258854,,,,,,,2,,,300.0,,,,0.1,1.0,1.0,5.0
xgboost,"{""model__colsample_bytree"": 1.0, ""model__learning_rate"": 0.1, ""model__max_depth"": 3, ""model__n_estimators"": 100, ""model__reg_lambda"": 1.0, ""model__subsample"": 0.8}",1,1.0,0.0,1.0,0.0,0.9913043478260869,0.9916666666666666,0.9833333333333332,1.0,0.9913043478260869,0.9833333333333332,0.9826415094339623,-0.04688256904482842,0.00964055061340332,0.0020263329302487375,,,,,,,3,,,100.0,,,,0.1,0.8,1.0,1.0
xgboost,"{""model__colsample_bytree"": 1.0, ""model__learning_rate"": 0.1, ""model__max_depth"": 3, ""model__n_estimators"": 100, ""model__reg_lambda"": 1.0, ""model__subsample"": 1.0}",49,0.9916666666666666,0.016666666666666698,0.9833333333333332,0.03333333333333335,0.9913043478260869,0.9916666666666666,0.9833333333333332,1.0,0.9913043478260869,0.9833333333333332,0.9826415094339623,-0.05519368462264538,0.014010858535766602,0.003702874042421028,,,,,,,3,,,100.0,,,,0.1,1.0,1.0,1.0
xgboost,"{""model__colsample_bytree"": 1.0, ""model__learning_rate"": 0.1, ""model__max_depth"": 3, ""model__n_estimators"": 100, ""model__reg_lambda"": 5.0, ""model__subsample"": 0.8}",1,1.0,0.0,1.0,0.0,0.9913043478260869,0.9916666666666666,0.9833333333333332,1.0,0.9913043478260869,0.9833333333333332,0.9826415094339623,-0.049882905930280684,0.0185091495513916,0.0022196651862023157,,,,,,,3,,,100.0,,,,0.1,0.8,1.0,5.0
xgboost,"{""model__colsample_bytree"": 1.0, ""model__learning_rate"": 0.1, ""model__max_depth"": 3, ""model__n_estimators"": 100, ""model__reg_lambda"": 5.0, ""model__subsample"": 1.0}",1,1.0,0.0,1.0,0.0,0.9913043478260869,0.9916666666666666,0.9833333333333332,1.0,0.9913043478260869,0.9833333333333332,0.9826415094339623,-0.05503435395658016,0.01020221710205078,0.002554224674479641,,,,,,,3,,,100.0,,,,0.1,1.0,1.0,5.0
xgboost,"{""model__colsample_bytree"": 1.0, ""model__learning_rate"": 0.1, ""model__max_depth"": 3, ""model__n_estimators"": 300, ""model__reg_lambda"": 1.0, ""model__subsample"": 0.8}",1,1.0,0.0,1.0,0.0,0.9913043478260869,0.9916666666666666,0.9833333333333332,1.0,0.9913043478260869,0.9833333333333332,0.9826415094339623,-0.046326087415218355,0.024380826950073244,0.004820058005775484,,,,,,,3,,,300.0,,,,0.1,0.8,1.0,1.0
xgboost,"{""model__colsample_bytree"": 1.0, ""model__learning_rate"": 0.1, ""model__max_depth"": 3, ""model__n_estimators"": 300, ""model__reg_lambda"": 1.0, ""model__subsample"": 1.0}",49,0.9916666666666666,0.016666666666666698,0.9833333333333332,0.03333333333333335,0.9913043478260869,0.9916666666666666,0.9833333333333332,1.0,0.9913043478260869,0.9833333333333332,0.9826415094339623,-0.05519364811480045,0.026651382446289062,0.0036131714636494605,,,,,,,3,,,300.0,,,,0.1,1.0,1.0,1.0
xgboost,"{""model__colsample_bytree"": 1.0, ""model__learning_rate"": 0.1, ""model__max_depth"": 3, ""model__n_estimators"": 300, ""model__reg_lambda"": 5.0, ""model__subsample"": 0.8}",1,1.0,0.0,1.0,0.0,0.9913043478260869,0.9916666666666666,0.9833333333333332,1.0,0.9913043478260869,0.9833333333333332,0.9826415094339623,-0.04847556762397289,0.028597545623779298,0.003402299864955754,,,,,,,3,,,300.0,,,,0.1,0.8,1.0,5.0
xgboost,"{""model__colsample_bytree"": 1.0, ""model__learning_rate"": 0.1, ""model__max_depth"": 3, ""model__n_estimators"": 300, ""model__reg_lambda"": 5.0, ""model__subsample"": 1.0}",1,1.0,0.0,1.0,0.0,0.9913043478260869,0.9916666666666666,0.9833333333333332,1.0,0.9913043478260869,0.9833333333333332,0.9826415094339623,-0.05495509952306747,0.026693248748779298,0.0025684004795667238,,,,,,,3,,,300.0,,,,0.1,1.0,1.0,5.0
