candidate_id,family,mode,model_kind,feature_set,parameters,mean_cv_rmsle,std_cv_rmsle,mean_cv_mae,mean_cv_rmse,mean_cv_smape,mean_cv_bias,elapsed_seconds
1,scaled_rolling_baseline,scaled_baseline,none,baseline_only,"{""scale"": 0.8}",0.6981413219814189,0.16547877960641366,43.66767676767677,63.396527679061855,0.4788122102650987,-33.25151515151515,0.004057292127981782
2,scaled_rolling_baseline,scaled_baseline,none,baseline_only,"{""scale"": 0.9}",0.6372827002503857,0.16811788225965207,40.34848484848485,59.98278902771349,0.4202792606141401,-24.027272727272727,0.0017656250856816769
3,scaled_rolling_baseline,scaled_baseline,none,baseline_only,"{""scale"": 1.0}",0.5967978382927721,0.1673987020542192,40.14646464646465,58.62197642648285,0.39844828318293896,-14.803030303030306,0.0017824589740484953
4,scaled_rolling_baseline,scaled_baseline,none,baseline_only,"{""scale"": 1.1}",0.5743070129032991,0.16326519766666525,41.48383838383839,59.61317617970167,0.39587903542653385,-5.578787878787872,0.001872458029538393
5,scaled_rolling_baseline,scaled_baseline,none,baseline_only,"{""scale"": 1.2}",0.5670521163198537,0.1562682922631172,43.84545454545454,62.86549636729902,0.4016339888771056,3.6454545454545397,0.0017662921454757452
6,scaled_rolling_baseline,scaled_baseline,none,baseline_only,"{""scale"": 1.3}",0.5719887969973588,0.14733399994410273,48.15858585858586,67.978146165648,0.4201650898607256,12.86969696969697,0.0017713331617414951
7,scaled_rolling_baseline,scaled_baseline,none,baseline_only,"{""scale"": 1.4}",0.5861503647604724,0.13742636318895798,53.04949494949494,74.50029362160562,0.4418419341561907,22.093939393939383,0.0017516668885946274
8,scaled_rolling_baseline,scaled_baseline,none,baseline_only,"{""scale"": 1.5}",0.6069648880964924,0.1273240967917548,58.651515151515156,82.06022563378635,0.4726373171595655,31.318181818181824,0.0017282499466091394
9,additive_residual_ridge,additive_residual,ridge,full,"{""alpha"": 0.1}",0.6707387664830745,0.08086058065785107,46.85791850900748,63.78633861427363,0.5101843085712476,-32.62271259613539,0.01581470901146531
10,log_residual_ridge,log_residual,ridge,full,"{""alpha"": 0.1}",0.5919476090626848,0.10190509908739435,45.20808286131029,63.44002870836852,0.4627115693801335,-39.50194115256378,0.006756791844964027
11,additive_residual_ridge,additive_residual,ridge,full,"{""alpha"": 1.0}",0.6703479611558237,0.08092312699627716,46.81705148312623,63.73528163966622,0.5098416865552445,-32.66236095706712,0.007118790876120329
12,log_residual_ridge,log_residual,ridge,full,"{""alpha"": 1.0}",0.5919552549713991,0.10217125904568555,45.200150088625655,63.43353343323508,0.4626598759160605,-39.5365935541484,0.006707125110551715
13,additive_residual_ridge,additive_residual,ridge,full,"{""alpha"": 10.0}",0.6670467677046217,0.08133199783215034,46.482895863351196,63.34741644478854,0.5067690676881497,-32.94678483756873,0.007592667127028108
14,log_residual_ridge,log_residual,ridge,full,"{""alpha"": 10.0}",0.5920974760502403,0.10408438668038096,45.13833060645118,63.40456852276975,0.46206736572047374,-39.79167116475495,0.006682290928438306
15,additive_residual_ridge,additive_residual,ridge,full,"{""alpha"": 100.0}",0.6492197505132867,0.08113787104709774,45.14562352737848,62.12648036145841,0.4895480105638185,-32.923179529094284,0.006878749933093786
16,log_residual_ridge,log_residual,ridge,full,"{""alpha"": 100.0}",0.5897976028761023,0.10602876214059097,44.73258538916702,63.29966112097939,0.455026240293787,-39.89676430445411,0.006723084021359682
17,additive_residual_ridge,additive_residual,ridge,full,"{""alpha"": 1000.0}",0.5818855488482353,0.0949404460876132,41.16284792318243,58.30156223682544,0.43973734014067795,-26.667119711469965,0.006571125006303191
18,log_residual_ridge,log_residual,ridge,full,"{""alpha"": 1000.0}",0.5551210840656946,0.11367893697352459,39.982029584067895,58.838598784178124,0.40145789120865444,-33.11168619894382,0.0065241248812526464
19,additive_residual_ridge,additive_residual,ridge,recent_only,"{""alpha"": 0.1}",0.5905860994056978,0.08269567406492755,41.151994229580964,58.449975457501495,0.43967210015556885,-24.77049785779396,0.006401250138878822
20,log_residual_ridge,log_residual,ridge,recent_only,"{""alpha"": 0.1}",0.5546302765665706,0.12307929740826554,40.88360677497486,59.12536221552356,0.40993189879181174,-32.4614285661437,0.006453874986618757
21,additive_residual_ridge,additive_residual,ridge,recent_only,"{""alpha"": 1.0}",0.5903214617758991,0.08273345157590661,41.1169180324681,58.394076413178716,0.4395137989084894,-24.813181154189433,0.006459249882027507
22,log_residual_ridge,log_residual,ridge,recent_only,"{""alpha"": 1.0}",0.5545093018457146,0.12335422344764559,40.871085260363344,59.10186422228869,0.409891125705759,-32.48737543394069,0.0065136251505464315
23,additive_residual_ridge,additive_residual,ridge,recent_only,"{""alpha"": 10.0}",0.58826636137728,0.08310644532612299,40.843107253353075,57.97917108844488,0.438213800392685,-25.138660908442564,0.006395417032763362
24,log_residual_ridge,log_residual,ridge,recent_only,"{""alpha"": 10.0}",0.5536273227332337,0.12535321578859293,40.77438865459947,58.93640654857209,0.40948938804015983,-32.67757322091217,0.006438707932829857
25,additive_residual_ridge,additive_residual,ridge,recent_only,"{""alpha"": 100.0}",0.5809877104562075,0.08594090442731589,40.1645482419632,57.02562020918259,0.43516014664116676,-25.67263304828555,0.006390374852344394
26,log_residual_ridge,log_residual,ridge,recent_only,"{""alpha"": 100.0}",0.5506140614338044,0.12726665004769344,40.388734198388114,58.56238131342068,0.4057161953585209,-32.82195219376181,0.006459333933889866
27,additive_residual_ridge,additive_residual,ridge,recent_only,"{""alpha"": 1000.0}",0.5516493873993454,0.10610693835384304,38.280778609979,55.4514011799821,0.41524503495170967,-21.818769894045758,0.006378958001732826
28,log_residual_ridge,log_residual,ridge,recent_only,"{""alpha"": 1000.0}",0.537308170217575,0.12664857459498147,36.85513517002491,55.4453463270772,0.3733874773528771,-27.68583597227366,0.006462708115577698
29,additive_residual_ridge,additive_residual,ridge,recent_compact,"{""alpha"": 0.1}",0.5902081439877073,0.07976940136458828,41.04057977044055,58.171647025023994,0.4411380349292408,-26.7383514194216,0.006302000023424625
30,log_residual_ridge,log_residual,ridge,recent_compact,"{""alpha"": 0.1}",0.5575111520464923,0.12158269128519157,41.6986463581707,60.27160796513075,0.4161377484201021,-34.258231885982106,0.00672516692429781
31,additive_residual_ridge,additive_residual,ridge,recent_compact,"{""alpha"": 1.0}",0.5901401218246903,0.07981009205036478,41.03662289873591,58.16808016301238,0.44109592655525404,-26.729079466379716,0.006419833982363343
32,log_residual_ridge,log_residual,ridge,recent_compact,"{""alpha"": 1.0}",0.5574582242711618,0.12154397674191128,41.691645639234586,60.265094880985494,0.4160560521822618,-34.24776653182118,0.00645983312278986
33,additive_residual_ridge,additive_residual,ridge,recent_compact,"{""alpha"": 10.0}",0.5894631811357174,0.08021564402579962,40.99678268902278,58.132338634086835,0.4406732066916379,-26.636988373905215,0.006276292027905583
34,log_residual_ridge,log_residual,ridge,recent_compact,"{""alpha"": 10.0}",0.5569385427350327,0.12117895109530381,41.62156784068211,60.19966480281414,0.4152430292884877,-34.14330631020122,0.00638237502425909
35,additive_residual_ridge,additive_residual,ridge,recent_compact,"{""alpha"": 100.0}",0.5830504763790735,0.08412785221052527,40.58727646040066,57.778065447825135,0.43643873762123886,-25.772986740807198,0.006349958945065737
36,log_residual_ridge,log_residual,ridge,recent_compact,"{""alpha"": 100.0}",0.5525114384701677,0.11912984485578818,40.92337883713582,59.53517382102901,0.40750542561109393,-33.12436155837292,0.0064448341727256775
37,additive_residual_ridge,additive_residual,ridge,recent_compact,"{""alpha"": 1000.0}",0.547409590926235,0.11094381286565175,38.27048499080703,55.87685395082085,0.41137487040532245,-20.383109015925367,0.006306125083938241
38,log_residual_ridge,log_residual,ridge,recent_compact,"{""alpha"": 1000.0}",0.5380053467669365,0.12769897595556645,36.70406064021173,55.155774080740336,0.3727703241407436,-25.72511424931015,0.006301874993368983
39,direct_extra_trees,direct,extra_trees,full,"{""max_depth"": 4, ""max_features"": 1.0, ""min_samples_leaf"": 5}",0.5436523781605433,0.0746088345747401,41.730076099082005,60.6129763935698,0.43052411018169595,-30.547274039031375,0.4336207499727607
40,additive_residual_extra_trees,additive_residual,extra_trees,full,"{""max_depth"": 4, ""max_features"": 1.0, ""min_samples_leaf"": 5}",0.5500799637712832,0.07765320762742979,41.666160851912835,59.329086124820634,0.43207565375704565,-28.063252355486938,0.4195020829793066
41,log_residual_extra_trees,log_residual,extra_trees,full,"{""max_depth"": 4, ""max_features"": 1.0, ""min_samples_leaf"": 5}",0.5662488417740037,0.0896958940247812,42.44717819960881,62.193922372810185,0.4208895174094572,-34.775967575711405,0.3990651248022914
42,blend_direct_extra_trees,blend_direct,extra_trees,full,"{""blend_weight"": 0.2, ""max_depth"": 4, ""max_features"": 1.0, ""min_samples_leaf"": 5}",0.5411156508215575,0.15977714604808307,37.73108468770433,56.36793254959692,0.3705937448987257,-17.951879050230513,0.40699762501753867
43,blend_direct_extra_trees,blend_direct,extra_trees,full,"{""blend_weight"": 0.4, ""max_depth"": 4, ""max_features"": 1.0, ""min_samples_leaf"": 5}",0.513746881852499,0.14358577610977166,36.99499349246013,55.48359720514384,0.3748472619223704,-21.100727797430732,0.425137042067945
44,blend_direct_extra_trees,blend_direct,extra_trees,full,"{""blend_weight"": 0.6, ""max_depth"": 4, ""max_features"": 1.0, ""min_samples_leaf"": 5}",0.5073601399617819,0.12203277183943408,37.86179486324378,55.957643073518135,0.38854306311208403,-24.249576544630944,0.4162102921400219
45,blend_direct_extra_trees,blend_direct,extra_trees,full,"{""blend_weight"": 0.8, ""max_depth"": 4, ""max_features"": 1.0, ""min_samples_leaf"": 5}",0.5178862198567374,0.09795846184283441,39.7690138936823,57.705833320683205,0.40933595472847634,-27.39842529183116,0.4161858749575913
46,direct_extra_trees,direct,extra_trees,full,"{""max_depth"": 8, ""max_features"": 1.0, ""min_samples_leaf"": 10}",0.5382185404094219,0.09189434635115762,40.478287494804114,59.3005885308094,0.41881474858548967,-29.09069338879497,0.43130820780061185
47,additive_residual_extra_trees,additive_residual,extra_trees,full,"{""max_depth"": 8, ""max_features"": 1.0, ""min_samples_leaf"": 10}",0.5494150025351441,0.09392089610307629,42.07549427041582,60.613091331416136,0.4310014662524739,-28.582438171796742,0.3972949159797281
48,log_residual_extra_trees,log_residual,extra_trees,full,"{""max_depth"": 8, ""max_features"": 1.0, ""min_samples_leaf"": 10}",0.5717325174774874,0.09315294871361654,42.84726332478264,62.59464557387454,0.4303033206504418,-35.457359037647656,0.39523224998265505
49,blend_direct_extra_trees,blend_direct,extra_trees,full,"{""blend_weight"": 0.2, ""max_depth"": 8, ""max_features"": 1.0, ""min_samples_leaf"": 10}",0.5419372988649608,0.16287804257725005,37.6559674717634,56.169381366468485,0.3695522003835652,-17.660562920183228,0.41203324985690415
50,blend_direct_extra_trees,blend_direct,extra_trees,full,"{""blend_weight"": 0.4, ""max_depth"": 8, ""max_features"": 1.0, ""min_samples_leaf"": 10}",0.5142843089010023,0.15058844181957928,36.6850903516397,55.0340250440938,0.37240928011347013,-20.51809553733617,0.5252627918962389
51,blend_direct_extra_trees,blend_direct,extra_trees,full,"{""blend_weight"": 0.6, ""max_depth"": 8, ""max_features"": 1.0, ""min_samples_leaf"": 10}",0.5067513992751226,0.13291270095333674,37.23976960499254,55.22665484224089,0.383413779166309,-23.375628154489103,0.42229279200546443
52,blend_direct_extra_trees,blend_direct,extra_trees,full,"{""blend_weight"": 0.8, ""max_depth"": 8, ""max_features"": 1.0, ""min_samples_leaf"": 10}",0.5153322632227784,0.11232057006475865,38.784375628826744,56.682663564294955,0.4010831224777811,-26.233160771642034,0.3894406671170145
53,direct_extra_trees,direct,extra_trees,full,"{""max_depth"": 8, ""max_features"": 1.0, ""min_samples_leaf"": 20}",0.5301685533534601,0.07338144790298282,40.932834361549105,59.88815279401865,0.4194853056449184,-29.54437328216908,0.4118799588177353
54,additive_residual_extra_trees,additive_residual,extra_trees,full,"{""max_depth"": 8, ""max_features"": 1.0, ""min_samples_leaf"": 20}",0.548985502788858,0.09549149576643484,42.04053569304543,60.4520033556432,0.43056027361214017,-28.475758835558313,0.39401333406567574
55,log_residual_extra_trees,log_residual,extra_trees,full,"{""max_depth"": 8, ""max_features"": 1.0, ""min_samples_leaf"": 20}",0.569195492664089,0.10431489015319137,42.88042315359664,61.8076377421065,0.4287726887898094,-34.43386508996709,0.40485204197466373
56,blend_direct_extra_trees,blend_direct,extra_trees,full,"{""blend_weight"": 0.2, ""max_depth"": 8, ""max_features"": 1.0, ""min_samples_leaf"": 20}",0.5422386592371068,0.15813960436729857,37.718298718977714,56.259808682943344,0.3707980959138421,-17.751298898858057,0.4195234999060631
57,blend_direct_extra_trees,blend_direct,extra_trees,full,"{""blend_weight"": 0.4, ""max_depth"": 8, ""max_features"": 1.0, ""min_samples_leaf"": 20}",0.5127672380964138,0.1417417467790855,36.77046837057308,55.240795259836794,0.3699515559280693,-20.699567494685812,0.4178567079361528
58,blend_direct_extra_trees,blend_direct,extra_trees,full,"{""blend_weight"": 0.6, ""max_depth"": 8, ""max_features"": 1.0, ""min_samples_leaf"": 20}",0.5026975331266713,0.120377498503909,37.445218964647985,55.55924344018754,0.3816858242905716,-23.647836090513568,0.41629745811223984
59,blend_direct_extra_trees,blend_direct,extra_trees,full,"{""blend_weight"": 0.8, ""max_depth"": 8, ""max_features"": 1.0, ""min_samples_leaf"": 20}",0.5088614767075611,0.09646246465956368,39.1226702327387,57.142291927822875,0.40046112642024084,-26.596104686341324,0.41324066719971597
60,direct_extra_trees,direct,extra_trees,full,"{""max_depth"": 4, ""max_features"": ""sqrt"", ""min_samples_leaf"": 10}",0.6460398375890338,0.04280712739436864,46.94240035362626,66.26866503029684,0.495150669694745,-34.610047054678695,0.3957025420386344
61,additive_residual_extra_trees,additive_residual,extra_trees,full,"{""max_depth"": 4, ""max_features"": ""sqrt"", ""min_samples_leaf"": 10}",0.5295143309576781,0.1106935757241297,39.14165389264987,57.1690896355737,0.4067738303601114,-22.991906121227085,0.3938834168948233
62,log_residual_extra_trees,log_residual,extra_trees,full,"{""max_depth"": 4, ""max_features"": ""sqrt"", ""min_samples_leaf"": 10}",0.5459171430433798,0.12546560231469486,39.51131738674074,57.91121019838277,0.3918770205106373,-28.18901809664739,0.38381562498398125
63,blend_direct_extra_trees,blend_direct,extra_trees,full,"{""blend_weight"": 0.2, ""max_depth"": 4, ""max_features"": ""sqrt"", ""min_samples_leaf"": 10}",0.5399004499074026,0.15454514805596564,38.07747022860653,56.854403182304445,0.3855927116107211,-18.76443365335998,0.3904245411977172
64,blend_direct_extra_trees,blend_direct,extra_trees,full,"{""blend_weight"": 0.4, ""max_depth"": 4, ""max_features"": ""sqrt"", ""min_samples_leaf"": 10}",0.5346850756777929,0.1283593522714639,38.34731245795599,56.88954940881495,0.40293146158309207,-22.725837003689662,0.39347454090602696
65,blend_direct_extra_trees,blend_direct,extra_trees,full,"{""blend_weight"": 0.6, ""max_depth"": 4, ""max_features"": ""sqrt"", ""min_samples_leaf"": 10}",0.5556490011911542,0.0983089509667481,40.4197125914933,58.60010397885073,0.4282615488160754,-26.687240354019337,0.41420483379624784
66,blend_direct_extra_trees,blend_direct,extra_trees,full,"{""blend_weight"": 0.8, ""max_depth"": 4, ""max_features"": ""sqrt"", ""min_samples_leaf"": 10}",0.5934115158444818,0.06887009105903757,43.35340549790894,61.7920504695472,0.459043020395735,-30.648643704349016,0.39145704195834696
67,direct_extra_trees,direct,extra_trees,recent_only,"{""max_depth"": 4, ""max_features"": 1.0, ""min_samples_leaf"": 5}",0.5328926186778024,0.09417176446762644,40.70252718132531,58.791537833315154,0.4252713310006569,-26.485653318332265,0.4106028750538826
68,additive_residual_extra_trees,additive_residual,extra_trees,recent_only,"{""max_depth"": 4, ""max_features"": 1.0, ""min_samples_leaf"": 5}",0.5273650938859457,0.10640729860256817,40.53096206024218,58.049612009065946,0.42096366324985124,-25.13642796132082,0.41025387519039214
69,log_residual_extra_trees,log_residual,extra_trees,recent_only,"{""max_depth"": 4, ""max_features"": 1.0, ""min_samples_leaf"": 5}",0.5599442958715098,0.12017785767661733,41.61353366791475,61.74053514703102,0.41112253569726903,-32.90681520182457,0.42301624990068376
70,blend_direct_extra_trees,blend_direct,extra_trees,recent_only,"{""blend_weight"": 0.2, ""max_depth"": 4, ""max_features"": 1.0, ""min_samples_leaf"": 5}",0.5450691453018802,0.16209712659496656,37.8783561909801,56.365070572872185,0.3713161695885314,-17.13955490609069,0.42174324998632073
71,blend_direct_extra_trees,blend_direct,extra_trees,recent_only,"{""blend_weight"": 0.4, ""max_depth"": 4, ""max_features"": 1.0, ""min_samples_leaf"": 5}",0.5174788884688514,0.1500611541426628,36.853937974466994,55.267860695637374,0.3725485121789831,-19.476079509151088,0.4608490001410246
72,blend_direct_extra_trees,blend_direct,extra_trees,recent_only,"{""blend_weight"": 0.6, ""max_depth"": 4, ""max_features"": 1.0, ""min_samples_leaf"": 5}",0.5083356830867211,0.13330382822786133,37.3896546139958,55.345540370191436,0.3856140618781489,-21.812604112211478,0.3899925840087235
73,blend_direct_extra_trees,blend_direct,extra_trees,recent_only,"{""blend_weight"": 0.8, ""max_depth"": 4, ""max_features"": 1.0, ""min_samples_leaf"": 5}",0.514106799572593,0.11385741682131921,38.91858740162591,56.5482940976178,0.40538156818103577,-24.14912871527187,0.4291848340071738
74,direct_extra_trees,direct,extra_trees,recent_only,"{""max_depth"": 8, ""max_features"": 1.0, ""min_samples_leaf"": 10}",0.5253111098014218,0.10296961138016876,39.72718526115776,58.04175943573754,0.4156289114963411,-25.22464891936573,0.42254229192622006
75,additive_residual_extra_trees,additive_residual,extra_trees,recent_only,"{""max_depth"": 8, ""max_features"": 1.0, ""min_samples_leaf"": 10}",0.5279974053837809,0.11721558557893627,41.12472426264504,59.604333728976535,0.41957181278000427,-25.63309365060252,0.4354837918654084
76,log_residual_extra_trees,log_residual,extra_trees,recent_only,"{""max_depth"": 8, ""max_features"": 1.0, ""min_samples_leaf"": 10}",0.563010958308668,0.124929748328354,42.0764959014258,62.495729786494714,0.41805174490786423,-33.612212333888856,0.41536579094827175
77,blend_direct_extra_trees,blend_direct,extra_trees,recent_only,"{""blend_weight"": 0.2, ""max_depth"": 8, ""max_features"": 1.0, ""min_samples_leaf"": 10}",0.5464620406308249,0.1618276619617192,37.69351147234525,56.1845023379484,0.36785188630075044,-16.887354026297384,0.41493454203009605
78,blend_direct_extra_trees,blend_direct,extra_trees,recent_only,"{""blend_weight"": 0.4, ""max_depth"": 8, ""max_features"": 1.0, ""min_samples_leaf"": 10}",0.5178495103823267,0.1513922279693371,36.57426597580656,54.91445213565206,0.36958252186987656,-18.971677749564474,0.420449250144884
79,blend_direct_extra_trees,blend_direct,extra_trees,recent_only,"{""blend_weight"": 0.6, ""max_depth"": 8, ""max_features"": 1.0, ""min_samples_leaf"": 10}",0.5064363541866272,0.136944069239269,36.85229997323234,54.836812621196806,0.3806088528513156,-21.056001472831557,0.409157499903813
80,blend_direct_extra_trees,blend_direct,extra_trees,recent_only,"{""blend_weight"": 0.8, ""max_depth"": 8, ""max_features"": 1.0, ""min_samples_leaf"": 10}",0.5094039506305458,0.12000079414127343,38.13831386549186,55.906816828176126,0.397847169005042,-23.140325196098644,0.4254361249040812
81,direct_extra_trees,direct,extra_trees,recent_only,"{""max_depth"": 8, ""max_features"": 1.0, ""min_samples_leaf"": 20}",0.5408402485991404,0.08207976935727239,41.72169063948092,60.595834422925655,0.4334888436925988,-28.039398032930062,0.4073575830552727
82,additive_residual_extra_trees,additive_residual,extra_trees,recent_only,"{""max_depth"": 8, ""max_features"": 1.0, ""min_samples_leaf"": 20}",0.532288609377515,0.12536299350278818,41.44438165255462,59.992354466138174,0.4233480403686509,-25.73560143345183,0.5428556248079985
83,log_residual_extra_trees,log_residual,extra_trees,recent_only,"{""max_depth"": 8, ""max_features"": 1.0, ""min_samples_leaf"": 20}",0.5608384794244504,0.13379308971345857,42.132391505197404,61.43914577710885,0.418540514965194,-32.63273623286037,0.4289076249115169
84,blend_direct_extra_trees,blend_direct,extra_trees,recent_only,"{""blend_weight"": 0.2, ""max_depth"": 8, ""max_features"": 1.0, ""min_samples_leaf"": 20}",0.5453174183193288,0.15954924173470583,37.81919914589988,56.41285264640871,0.37137211887679517,-17.450303849010247,0.4189864578656852
85,blend_direct_extra_trees,blend_direct,extra_trees,recent_only,"{""blend_weight"": 0.4, ""max_depth"": 8, ""max_features"": 1.0, ""min_samples_leaf"": 20}",0.5180640553106145,0.14499398894910795,36.96332902774309,55.54651157253965,0.37362087132439137,-20.097577394990207,0.41161762503907084
86,blend_direct_extra_trees,blend_direct,extra_trees,recent_only,"{""blend_weight"": 0.6, ""max_depth"": 8, ""max_features"": 1.0, ""min_samples_leaf"": 20}",0.5099501358262569,0.12559428610841086,37.74997335432093,56.01290489162874,0.3883641391319932,-22.744850940970156,0.4175870409235358
87,blend_direct_extra_trees,blend_direct,extra_trees,recent_only,"{""blend_weight"": 0.8, ""max_depth"": 8, ""max_features"": 1.0, ""min_samples_leaf"": 20}",0.5179233274508294,0.10357360224315564,39.68947817816636,57.73268053061977,0.4112593738623287,-25.39212448695011,0.48147483402863145
88,direct_extra_trees,direct,extra_trees,recent_only,"{""max_depth"": 4, ""max_features"": ""sqrt"", ""min_samples_leaf"": 10}",0.6833663723414389,0.03644454740656049,49.08839106474116,68.68963728790703,0.519013414927016,-35.42669184038568,0.41041162493638694
89,additive_residual_extra_trees,additive_residual,extra_trees,recent_only,"{""max_depth"": 4, ""max_features"": ""sqrt"", ""min_samples_leaf"": 10}",0.517680691925574,0.13498104727921792,37.449958419465375,55.65251955773314,0.3897398926347592,-18.247543026904086,0.387471083085984
90,log_residual_extra_trees,log_residual,extra_trees,recent_only,"{""max_depth"": 4, ""max_features"": ""sqrt"", ""min_samples_leaf"": 10}",0.5426330246717904,0.14451614699415008,37.162744166797424,55.56774411401026,0.37322247080591703,-22.225638932582456,0.41513504181057215
91,blend_direct_extra_trees,blend_direct,extra_trees,recent_only,"{""blend_weight"": 0.2, ""max_depth"": 4, ""max_features"": ""sqrt"", ""min_samples_leaf"": 10}",0.540711857538195,0.15262480423267338,38.15450096220844,56.95949507681209,0.38893129582182057,-18.92776261050137,0.4242970410268754
92,blend_direct_extra_trees,blend_direct,extra_trees,recent_only,"{""blend_weight"": 0.4, ""max_depth"": 4, ""max_features"": ""sqrt"", ""min_samples_leaf"": 10}",0.5430452286209865,0.12352016057169239,38.88006535599896,57.344925015098596,0.41240331045089623,-23.05249491797245,0.41072849999181926
93,blend_direct_extra_trees,blend_direct,extra_trees,recent_only,"{""blend_weight"": 0.6, ""max_depth"": 4, ""max_features"": ""sqrt"", ""min_samples_leaf"": 10}",0.5728483933045141,0.09169551063720681,41.55971269579861,59.595161325258346,0.44313294577039675,-27.177227225443527,0.40595199982635677
94,blend_direct_extra_trees,blend_direct,extra_trees,recent_only,"{""blend_weight"": 0.8, ""max_depth"": 4, ""max_features"": ""sqrt"", ""min_samples_leaf"": 10}",0.6199764201005259,0.06181187518299833,44.89731306035477,63.458241042225815,0.4769695337679934,-31.301959532914605,0.3801209998782724
95,direct_extra_trees,direct,extra_trees,recent_compact,"{""max_depth"": 4, ""max_features"": 1.0, ""min_samples_leaf"": 5}",0.5519137356354916,0.08323450353956861,41.411247640190346,59.45758508819131,0.4388273592780736,-27.654723155301337,0.42076270817779005
96,additive_residual_extra_trees,additive_residual,extra_trees,recent_compact,"{""max_depth"": 4, ""max_features"": 1.0, ""min_samples_leaf"": 5}",0.5374298555602758,0.10182861002454796,41.2393914257574,59.09391711799005,0.42757808044326334,-23.928129476842297,0.4152369578368962
97,log_residual_extra_trees,log_residual,extra_trees,recent_compact,"{""max_depth"": 4, ""max_features"": 1.0, ""min_samples_leaf"": 5}",0.5611867403633929,0.11666190590613422,41.754473400732614,61.73723108853102,0.412064041182118,-31.8931440117575,0.4991026669740677
98,blend_direct_extra_trees,blend_direct,extra_trees,recent_compact,"{""blend_weight"": 0.2, ""max_depth"": 4, ""max_features"": 1.0, ""min_samples_leaf"": 5}",0.5479881440621769,0.15886880752349183,37.942359831700855,56.435214893507144,0.37453152164021986,-17.373368873484505,0.4338363748975098
99,blend_direct_extra_trees,blend_direct,extra_trees,recent_compact,"{""blend_weight"": 0.4, ""max_depth"": 4, ""max_features"": 1.0, ""min_samples_leaf"": 5}",0.5246987260718287,0.14419487632235622,37.183389250845515,55.45037012672765,0.38282195448570966,-19.943707443938717,0.3952451250515878
100,blend_direct_extra_trees,blend_direct,extra_trees,recent_compact,"{""blend_weight"": 0.6, ""max_depth"": 4, ""max_features"": 1.0, ""min_samples_leaf"": 5}",0.5199359118428984,0.12528204169138957,37.882664257994406,55.67293789386536,0.3981682605668118,-22.51404601439292,0.39633783302269876
101,blend_direct_extra_trees,blend_direct,extra_trees,recent_compact,"{""blend_weight"": 0.8, ""max_depth"": 4, ""max_features"": 1.0, ""min_samples_leaf"": 5}",0.529666019200103,0.10417100414781298,39.516305083876084,57.040268247724015,0.4180701514557715,-25.08438458484713,0.4089623331092298
102,direct_extra_trees,direct,extra_trees,recent_compact,"{""max_depth"": 8, ""max_features"": 1.0, ""min_samples_leaf"": 10}",0.5445756693509421,0.08821930227265824,40.975659431789914,59.17797413992764,0.4340675814674774,-27.128202569627465,0.4196074581705034
103,additive_residual_extra_trees,additive_residual,extra_trees,recent_compact,"{""max_depth"": 8, ""max_features"": 1.0, ""min_samples_leaf"": 10}",0.5425932527950105,0.11359322003289885,41.804530333066865,60.40776409108739,0.430688776102187,-25.192732539175495,0.40839125006459653
104,log_residual_extra_trees,log_residual,extra_trees,recent_compact,"{""max_depth"": 8, ""max_features"": 1.0, ""min_samples_leaf"": 10}",0.566013459185563,0.12370638811208046,42.33440975665828,62.40463367118303,0.4225303558822094,-32.896684943624074,0.4502059589140117
105,blend_direct_extra_trees,blend_direct,extra_trees,recent_compact,"{""blend_weight"": 0.2, ""max_depth"": 8, ""max_features"": 1.0, ""min_samples_leaf"": 10}",0.5511067912865374,0.1564087647931628,37.82107364024272,56.28607211554644,0.37308919944345803,-17.26806475634973,0.4358294999692589
106,blend_direct_extra_trees,blend_direct,extra_trees,recent_compact,"{""blend_weight"": 0.4, ""max_depth"": 8, ""max_features"": 1.0, ""min_samples_leaf"": 10}",0.5265698435274481,0.14235262334087984,36.99418224788193,55.19782842562878,0.37986915684053596,-19.733099209669174,0.4155680420808494
107,blend_direct_extra_trees,blend_direct,extra_trees,recent_compact,"{""blend_weight"": 0.6, ""max_depth"": 8, ""max_features"": 1.0, ""min_samples_leaf"": 10}",0.5187982744702765,0.12531710107507094,37.543690251436985,55.36521125327056,0.3941560825618675,-22.1981336629886,0.41459900001063943
108,blend_direct_extra_trees,blend_direct,extra_trees,recent_compact,"{""blend_weight"": 0.8, ""max_depth"": 8, ""max_features"": 1.0, ""min_samples_leaf"": 10}",0.5251628914001127,0.10649189237557774,39.19026996422526,56.724320320508575,0.41423396366382265,-24.66316811630804,0.42547562485560775
109,direct_extra_trees,direct,extra_trees,recent_compact,"{""max_depth"": 8, ""max_features"": 1.0, ""min_samples_leaf"": 20}",0.5755580457438373,0.06387332260176376,43.55064756830425,62.49259265967111,0.4595915376803095,-30.47777401411715,0.4229002909269184
110,additive_residual_extra_trees,additive_residual,extra_trees,recent_compact,"{""max_depth"": 8, ""max_features"": 1.0, ""min_samples_leaf"": 20}",0.5363440985481985,0.13058483531856535,40.77383518838943,59.261075165746,0.4222805264559318,-23.744001340363212,0.41910649999044836
111,log_residual_extra_trees,log_residual,extra_trees,recent_compact,"{""max_depth"": 8, ""max_features"": 1.0, ""min_samples_leaf"": 20}",0.5537157531983988,0.1371342460495136,40.82825685954827,59.76583857800227,0.4073959879901184,-29.831378199118646,0.4015688330400735
112,blend_direct_extra_trees,blend_direct,extra_trees,recent_compact,"{""blend_weight"": 0.2, ""max_depth"": 8, ""max_features"": 1.0, ""min_samples_leaf"": 20}",0.5456050698076005,0.15577641057330768,37.84066591195161,56.51832738030547,0.3753007580831191,-17.93797904524767,0.397407750133425
113,blend_direct_extra_trees,blend_direct,extra_trees,recent_compact,"{""blend_weight"": 0.4, ""max_depth"": 8, ""max_features"": 1.0, ""min_samples_leaf"": 20}",0.5246305258272815,0.13693334820086128,37.46870402024913,55.93176738466309,0.38747278292906584,-21.072927787465044,0.417571916943416
114,blend_direct_extra_trees,blend_direct,extra_trees,recent_compact,"{""blend_weight"": 0.6, ""max_depth"": 8, ""max_features"": 1.0, ""min_samples_leaf"": 20}",0.5251469610914231,0.11343205368424854,38.807069318809276,56.81588737500013,0.4078571505395225,-24.207876529682412,0.394673208007589
115,blend_direct_extra_trees,blend_direct,extra_trees,recent_compact,"{""blend_weight"": 0.8, ""max_depth"": 8, ""max_features"": 1.0, ""min_samples_leaf"": 20}",0.542582504408434,0.08799768002361487,41.01900176894137,59.05029521937934,0.4326875448019237,-27.342825271899784,0.4484615831170231
116,direct_extra_trees,direct,extra_trees,recent_compact,"{""max_depth"": 4, ""max_features"": ""sqrt"", ""min_samples_leaf"": 10}",0.673016783498965,0.04001310408969729,48.49750370713361,68.04496573616352,0.5128994344693932,-35.24057034181599,0.41124062496237457
117,additive_residual_extra_trees,additive_residual,extra_trees,recent_compact,"{""max_depth"": 4, ""max_features"": ""sqrt"", ""min_samples_leaf"": 10}",0.5236382839487722,0.1326757722039368,38.013988086119376,56.26776900622459,0.3954042825148496,-17.501722696418494,0.3973337921779603
118,log_residual_extra_trees,log_residual,extra_trees,recent_compact,"{""max_depth"": 4, ""max_features"": ""sqrt"", ""min_samples_leaf"": 10}",0.543905219604711,0.1414261601742741,37.52821915707029,55.970559722152394,0.37604115195216115,-22.20683863262305,0.3958519578445703
119,blend_direct_extra_trees,blend_direct,extra_trees,recent_compact,"{""blend_weight"": 0.2, ""max_depth"": 4, ""max_features"": ""sqrt"", ""min_samples_leaf"": 10}",0.5412601032421432,0.15379627891932632,38.10518172919502,56.87797135199506,0.388051403796603,-18.890538310787438,0.37964604096487164
120,blend_direct_extra_trees,blend_direct,extra_trees,recent_compact,"{""blend_weight"": 0.4, ""max_depth"": 4, ""max_features"": ""sqrt"", ""min_samples_leaf"": 10}",0.5409675281847017,0.12643772796408168,38.74505295192827,57.14889931589945,0.4108771787577132,-22.978046318544575,0.3927778338547796
121,blend_direct_extra_trees,blend_direct,extra_trees,recent_compact,"{""blend_weight"": 0.6, ""max_depth"": 4, ""max_features"": ""sqrt"", ""min_samples_leaf"": 10}",0.5678543951878153,0.09558775047634674,41.30502156178638,59.26268181843462,0.44086117995517654,-27.06555432630172,0.38196620787493885
122,blend_direct_extra_trees,blend_direct,extra_trees,recent_compact,"{""blend_weight"": 0.8, ""max_depth"": 4, ""max_features"": ""sqrt"", ""min_samples_leaf"": 10}",0.6122795870498241,0.06584745474074977,44.486106206615716,62.974326153429594,0.47284709675880615,-31.153062334058855,0.37931437510997057
