candidate_id,family,mode,model_kind,feature_set,parameters,fold,rmsle,mae,rmse,smape,forecast_bias
1,scaled_rolling_baseline,scaled_baseline,none,baseline_only,"{""scale"": 0.8}",1,0.8841913476787131,53.74848484848485,85.73970592273554,0.5376780616052128,-35.76060606060606
1,scaled_rolling_baseline,scaled_baseline,none,baseline_only,"{""scale"": 0.8}",2,0.6428292704797033,45.33030303030303,61.535583858512965,0.5009121818606901,-36.88787878787878
1,scaled_rolling_baseline,scaled_baseline,none,baseline_only,"{""scale"": 0.8}",3,0.5674033477858403,31.924242424242422,42.91429325593707,0.3978463873293931,-27.106060606060602
2,scaled_rolling_baseline,scaled_baseline,none,baseline_only,"{""scale"": 0.9}",1,0.8277114244047491,53.22727272727273,86.16117033053388,0.4900427814639736,-26.736363636363638
2,scaled_rolling_baseline,scaled_baseline,none,baseline_only,"{""scale"": 0.9}",2,0.5747225583932041,41.336363636363636,56.539109553395946,0.4328893596028797,-27.936363636363637
2,scaled_rolling_baseline,scaled_baseline,none,baseline_only,"{""scale"": 0.9}",3,0.5094141179532039,26.481818181818184,37.248087199210644,0.3379056407755669,-17.40909090909091
3,scaled_rolling_baseline,scaled_baseline,none,baseline_only,"{""scale"": 1.0}",1,0.7877201139005949,54.16666666666668,88.13353619377926,0.46693177751020465,-17.712121212121215
3,scaled_rolling_baseline,scaled_baseline,none,baseline_only,"{""scale"": 1.0}",2,0.5274870151520753,39.227272727272734,53.148210912808,0.3980836944785046,-18.984848484848488
3,scaled_rolling_baseline,scaled_baseline,none,baseline_only,"{""scale"": 1.0}",3,0.47518638582564593,27.045454545454547,34.58418217286129,0.33032937756010755,-7.7121212121212155
4,scaled_rolling_baseline,scaled_baseline,none,baseline_only,"{""scale"": 1.1}",1,0.7615993601401825,57.184848484848494,91.5566270654176,0.47575262420956366,-8.687878787878782
4,scaled_rolling_baseline,scaled_baseline,none,baseline_only,"{""scale"": 1.1}",2,0.4992809163257643,38.58484848484849,51.679902507960705,0.3796598927885601,-10.033333333333324
4,scaled_rolling_baseline,scaled_baseline,none,baseline_only,"{""scale"": 1.1}",3,0.4620407622439506,28.68181818181819,35.602998965726684,0.33222458928147786,1.9848484848484889
5,scaled_rolling_baseline,scaled_baseline,none,baseline_only,"{""scale"": 1.2}",1,0.7470646290758894,61.53636363636363,96.27582534288939,0.4951398121876012,0.33636363636362887
5,scaled_rolling_baseline,scaled_baseline,none,baseline_only,"{""scale"": 1.2}",2,0.4878347711600538,39.51818181818181,52.296375678348014,0.3755523326714853,-1.0818181818181842
5,scaled_rolling_baseline,scaled_baseline,none,baseline_only,"{""scale"": 1.2}",3,0.46625694872361806,30.481818181818184,40.02428808065968,0.33420982177223035,11.681818181818175
6,scaled_rolling_baseline,scaled_baseline,none,baseline_only,"{""scale"": 1.3}",1,0.7420707474233984,67.53030303030302,102.11158582450848,0.5249625291845148,9.360606060606061
6,scaled_rolling_baseline,scaled_baseline,none,baseline_only,"{""scale"": 1.3}",2,0.4903249720600199,41.54242424242424,54.92748019714795,0.38035501688428136,7.869696969696969
6,scaled_rolling_baseline,scaled_baseline,none,baseline_only,"{""scale"": 1.3}",3,0.4835706715086583,35.4030303030303,46.89537247528758,0.35517772351338067,21.378787878787875
7,scaled_rolling_baseline,scaled_baseline,none,baseline_only,"{""scale"": 1.4}",1,0.7447947380493708,73.74848484848484,108.88452691737335,0.5539076562772345,18.384848484848476
7,scaled_rolling_baseline,scaled_baseline,none,baseline_only,"{""scale"": 1.4}",2,0.5036694731325069,43.85757575757575,59.30568133310532,0.3876955068583529,16.82121212121211
7,scaled_rolling_baseline,scaled_baseline,none,baseline_only,"{""scale"": 1.4}",3,0.5099868830995397,41.54242424242423,55.31067261433822,0.38392263933298465,31.07575757575756
8,scaled_rolling_baseline,scaled_baseline,none,baseline_only,"{""scale"": 1.5}",1,0.7536451518155968,80.04545454545455,116.43121262242042,0.5856012969498287,27.40909090909091
8,scaled_rolling_baseline,scaled_baseline,none,baseline_only,"{""scale"": 1.5}",2,0.5249586844447942,47.04545454545455,65.07932222924715,0.4065470639781758,25.772727272727273
8,scaled_rolling_baseline,scaled_baseline,none,baseline_only,"{""scale"": 1.5}",3,0.542290828029086,48.86363636363637,64.67014204969148,0.42576359055069196,40.77272727272727
9,additive_residual_ridge,additive_residual,ridge,full,"{""alpha"": 0.1}",1,0.7606710045917218,53.54249450613265,79.3661961146846,0.5695065168249357,-36.23532527440754
9,additive_residual_ridge,additive_residual,ridge,full,"{""alpha"": 0.1}",2,0.6475115047101727,47.60699161725983,61.56874584793597,0.503467849234855,-33.63807964957545
9,additive_residual_ridge,additive_residual,ridge,full,"{""alpha"": 0.1}",3,0.6040337901473292,39.42426940362998,50.42407388020032,0.45757855965395217,-27.99473286442319
10,log_residual_ridge,log_residual,ridge,full,"{""alpha"": 0.1}",1,0.7096073792786799,50.76001366930056,77.53277736512261,0.5061320677535602,-47.251993023752085
10,log_residual_ridge,log_residual,ridge,full,"{""alpha"": 0.1}",2,0.534453042100711,45.81916026530726,61.20534537344672,0.4513513552092153,-38.61190670009178
10,log_residual_ridge,log_residual,ridge,full,"{""alpha"": 0.1}",3,0.5317824058086638,39.04507464932303,51.581963386536245,0.4306512851776251,-32.64192373384746
11,additive_residual_ridge,additive_residual,ridge,full,"{""alpha"": 1.0}",1,0.7603730903559371,53.49022894640009,79.30385990745884,0.5691864069802489,-36.30588867843414
11,additive_residual_ridge,additive_residual,ridge,full,"{""alpha"": 1.0}",2,0.6470185597759422,47.562931210705344,61.49825560939088,0.5032833943386354,-33.686787785756
11,additive_residual_ridge,additive_residual,ridge,full,"{""alpha"": 1.0}",3,0.6036522333355917,39.39799429227328,50.403729402148954,0.45705525834684907,-27.99440640701123
12,log_residual_ridge,log_residual,ridge,full,"{""alpha"": 1.0}",1,0.709924304421133,50.77204931301156,77.54790923231228,0.5062437919220509,-47.28436178101152
12,log_residual_ridge,log_residual,ridge,full,"{""alpha"": 1.0}",2,0.5341722725575894,45.78520910480373,61.16384136969094,0.4511967227227298,-38.668499777809956
12,log_residual_ridge,log_residual,ridge,full,"{""alpha"": 1.0}",3,0.5317691879354749,39.04319184806167,51.58884969770199,0.4305391131034009,-32.65691910362375
13,additive_residual_ridge,additive_residual,ridge,full,"{""alpha"": 10.0}",1,0.757696077268914,53.066536810209364,78.83835813481258,0.5661579579970506,-36.818130531248194
13,additive_residual_ridge,additive_residual,ridge,full,"{""alpha"": 10.0}",2,0.6429805436737501,47.20358152554729,60.9701789161721,0.5014401782562528,-34.044523043733406
13,additive_residual_ridge,additive_residual,ridge,full,"{""alpha"": 10.0}",3,0.6004636821712009,39.17856925429694,50.233712283380946,0.45270906681114587,-27.977700937724578
14,log_residual_ridge,log_residual,ridge,full,"{""alpha"": 10.0}",1,0.7122833930903281,50.83782318886721,77.6559650692046,0.5066310787604601,-47.5089186250876
14,log_residual_ridge,log_residual,ridge,full,"{""alpha"": 10.0}",2,0.5322663563278058,45.54025589407694,60.891121623501014,0.44991754037862125,-39.08445086237081
14,log_residual_ridge,log_residual,ridge,full,"{""alpha"": 10.0}",3,0.5317426787325872,39.03691273640936,51.66661887560362,0.42965347802234,-32.78164400680646
15,additive_residual_ridge,additive_residual,ridge,full,"{""alpha"": 100.0}",1,0.7398506167977545,51.537677386580796,77.66010279869208,0.5467056115940018,-37.070480333967076
15,additive_residual_ridge,additive_residual,ridge,full,"{""alpha"": 100.0}",2,0.6244685746017593,45.801231171683185,59.48169588948433,0.48786923160736567,-34.32014607659569
15,additive_residual_ridge,additive_residual,ridge,full,"{""alpha"": 100.0}",3,0.5833400601403466,38.09796202387146,49.237642396198815,0.43406918849008813,-27.37891217672009
16,log_residual_ridge,log_residual,ridge,full,"{""alpha"": 100.0}",1,0.7122216836114922,50.266500474875166,77.49137278519446,0.49600218638329374,-47.184568022557684
16,log_residual_ridge,log_residual,ridge,full,"{""alpha"": 100.0}",2,0.5274207693348943,44.97522481845125,60.40313350601115,0.4447468921556077,-39.569306003929114
16,log_residual_ridge,log_residual,ridge,full,"{""alpha"": 100.0}",3,0.5297503556819202,38.95603087417465,52.00447707173258,0.4243296423424596,-32.93641888687553
17,additive_residual_ridge,additive_residual,ridge,full,"{""alpha"": 1000.0}",1,0.687418376289887,49.05118464857601,77.22401059605981,0.4906664930233035,-30.056744988730326
17,additive_residual_ridge,additive_residual,ridge,full,"{""alpha"": 1000.0}",2,0.554825263821612,42.005959016935236,55.337875400452994,0.4529094352317245,-28.9535401150471
17,additive_residual_ridge,additive_residual,ridge,full,"{""alpha"": 1000.0}",3,0.5034130064332067,32.431400104036065,42.34280071396351,0.3756360921670059,-20.991074030632465
18,log_residual_ridge,log_residual,ridge,full,"{""alpha"": 1000.0}",1,0.686239486607458,43.49737768299992,74.04383570823096,0.4166197972264598,-39.20049830008073
18,log_residual_ridge,log_residual,ridge,full,"{""alpha"": 1000.0}",2,0.49493534514255877,41.85815606342831,56.25098827868858,0.4124468860319208,-33.508502597997186
18,log_residual_ridge,log_residual,ridge,full,"{""alpha"": 1000.0}",3,0.48418842044706706,34.59055500577546,46.22097236561483,0.37530699036758275,-26.62605769875356
19,additive_residual_ridge,additive_residual,ridge,recent_only,"{""alpha"": 0.1}",1,0.683773376200749,47.3229383106035,75.54697342960273,0.4758131479293747,-29.294785615985813
19,additive_residual_ridge,additive_residual,ridge,recent_only,"{""alpha"": 0.1}",2,0.5620388759345397,42.350244770869786,55.809555459334014,0.4453319433328003,-25.52338098902137
19,additive_residual_ridge,additive_residual,ridge,recent_only,"{""alpha"": 0.1}",3,0.5259460460818047,33.78279960726961,43.993397483567755,0.3978712092045315,-19.493326968374703
20,log_residual_ridge,log_residual,ridge,recent_only,"{""alpha"": 0.1}",1,0.696673196271896,47.02938051178183,74.76067630580422,0.45691923216582375,-41.226577276752955
20,log_residual_ridge,log_residual,ridge,recent_only,"{""alpha"": 0.1}",2,0.48765482359751083,41.980926742197,56.46379434954944,0.4093888409434918,-31.333268451024505
20,log_residual_ridge,log_residual,ridge,recent_only,"{""alpha"": 0.1}",3,0.47956280983030514,33.64051307094576,46.151615991217035,0.36348762326611983,-24.824439970653646
21,additive_residual_ridge,additive_residual,ridge,recent_only,"{""alpha"": 1.0}",1,0.6835625887766285,47.275636949544676,75.48625704591025,0.47563002928128245,-29.369032881501223
21,additive_residual_ridge,additive_residual,ridge,recent_only,"{""alpha"": 1.0}",2,0.5617118168081432,42.31451539977547,55.7359224247345,0.44527243283108486,-25.577279161344418
21,additive_residual_ridge,additive_residual,ridge,recent_only,"{""alpha"": 1.0}",3,0.5256899797429255,33.760601748084156,43.960049768891416,0.3976389346131008,-19.493231419722658
22,log_residual_ridge,log_residual,ridge,recent_only,"{""alpha"": 1.0}",1,0.696872525527733,47.04250985531075,74.76828478654828,0.45712411813917364,-41.249357706357856
22,log_residual_ridge,log_residual,ridge,recent_only,"{""alpha"": 1.0}",2,0.48730246666753346,41.94317636807958,56.406708244774414,0.409232130153023,-31.384347592435585
22,log_residual_ridge,log_residual,ridge,recent_only,"{""alpha"": 1.0}",3,0.4793529133418773,33.62756955769971,46.130599635543376,0.3633171288250802,-24.82842100302863
23,additive_residual_ridge,additive_residual,ridge,recent_only,"{""alpha"": 10.0}",1,0.6819960600684343,46.91020556526971,75.0427386971148,0.4741342199353596,-29.93052497138049
23,additive_residual_ridge,additive_residual,ridge,recent_only,"{""alpha"": 10.0}",2,0.5592267453315211,42.039152345710136,55.20246454129433,0.44477954655544405,-25.996744528581498
23,additive_residual_ridge,additive_residual,ridge,recent_only,"{""alpha"": 10.0}",3,0.5235762787318847,33.57996384907938,43.69231002692549,0.3957276346872513,-19.488713225365707
24,log_residual_ridge,log_residual,ridge,recent_only,"{""alpha"": 10.0}",1,0.6983136141866785,47.1289691332285,74.81779302560676,0.45851178277228494,-41.4049424423389
24,log_residual_ridge,log_residual,ridge,recent_only,"{""alpha"": 10.0}",2,0.4848669842338352,41.6659984243382,56.020161390800084,0.40799255462976375,-31.76633217909351
24,log_residual_ridge,log_residual,ridge,recent_only,"{""alpha"": 10.0}",3,0.4777013697791874,33.5281984062317,45.971265229309445,0.3619638267184309,-24.861445041304112
25,additive_residual_ridge,additive_residual,ridge,recent_only,"{""alpha"": 100.0}",1,0.6777097964875797,46.22013014567743,74.19892473868046,0.47234555553191326,-30.8070321497935
25,additive_residual_ridge,additive_residual,ridge,recent_only,"{""alpha"": 100.0}",2,0.5518482076777116,41.4484369668251,54.23643125137101,0.4454445969334055,-26.963478344690603
25,additive_residual_ridge,additive_residual,ridge,recent_only,"{""alpha"": 100.0}",3,0.5134051272033312,32.82507761338708,42.6415046374963,0.3876902874581816,-19.24738865037256
26,log_residual_ridge,log_residual,ridge,recent_only,"{""alpha"": 100.0}",1,0.697458798530571,46.88428244367626,74.62250487353661,0.4557702737402984,-41.16925539239326
26,log_residual_ridge,log_residual,ridge,recent_only,"{""alpha"": 100.0}",2,0.48211790893815226,41.08532551925387,55.57005878934248,0.4042727839218605,-32.4723367004523
26,log_residual_ridge,log_residual,ridge,recent_only,"{""alpha"": 100.0}",3,0.47226547683268993,33.196594632234216,45.494580277382966,0.3571055284134037,-24.82426448843986
27,additive_residual_ridge,additive_residual,ridge,recent_only,"{""alpha"": 1000.0}",1,0.6698503162367891,46.790395945669495,75.53194687788046,0.46648163022404404,-26.00196685140444
27,additive_residual_ridge,additive_residual,ridge,recent_only,"{""alpha"": 1000.0}",2,0.520478972806938,39.24186080845174,52.85675498321659,0.42746449643572243,-24.29043871102821
27,additive_residual_ridge,additive_residual,ridge,recent_only,"{""alpha"": 1000.0}",3,0.464618873154309,28.810079075815768,37.965501678849265,0.35178897819536253,-15.163904119704627
28,log_residual_ridge,log_residual,ridge,recent_only,"{""alpha"": 1000.0}",1,0.6828423751060607,41.7109066444512,72.23729630815676,0.40331053305984205,-34.8265622080112
28,log_residual_ridge,log_residual,ridge,recent_only,"{""alpha"": 1000.0}",2,0.47697922891346034,38.86963069829338,53.52577782580264,0.3838892794863504,-28.403535609454412
28,log_residual_ridge,log_residual,ridge,recent_only,"{""alpha"": 1000.0}",3,0.4521029066332041,29.984868167330145,40.572964847272196,0.33296261951243883,-19.827410099355372
29,additive_residual_ridge,additive_residual,ridge,recent_compact,"{""alpha"": 0.1}",1,0.6802780023284967,46.564921762454084,74.48117441268265,0.47347289550788,-31.491549644275356
29,additive_residual_ridge,additive_residual,ridge,recent_compact,"{""alpha"": 0.1}",2,0.5618682098133403,42.27440604846272,55.540256793265456,0.4503778664200757,-27.83480833086652
29,additive_residual_ridge,additive_residual,ridge,recent_compact,"{""alpha"": 0.1}",3,0.5284782198212851,34.28241150040484,44.493509869123905,0.39956334285976675,-20.88869628312293
30,log_residual_ridge,log_residual,ridge,recent_compact,"{""alpha"": 0.1}",1,0.6978039020376814,47.84618506806328,75.23069587796773,0.4627561593561097,-41.998743729357784
30,log_residual_ridge,log_residual,ridge,recent_compact,"{""alpha"": 0.1}",2,0.4919264702762784,42.408232832140904,57.72719891823091,0.41438556454863457,-33.794799693626054
30,log_residual_ridge,log_residual,ridge,recent_compact,"{""alpha"": 0.1}",3,0.4828030838255171,34.84152117430793,47.85692909919361,0.3712715213555619,-26.981152234962476
31,additive_residual_ridge,additive_residual,ridge,recent_compact,"{""alpha"": 1.0}",1,0.6802533838332945,46.56430141133003,74.48373590734734,0.47344417759313456,-31.47852631593488
31,additive_residual_ridge,additive_residual,ridge,recent_compact,"{""alpha"": 1.0}",2,0.561797281554815,42.270789308958456,55.5367908988543,0.45034787116014524,-27.82823831371289
31,additive_residual_ridge,additive_residual,ridge,recent_compact,"{""alpha"": 1.0}",3,0.5283697000859617,34.27477797591923,44.48371368283548,0.39949573091248225,-20.880473769491378
32,log_residual_ridge,log_residual,ridge,recent_compact,"{""alpha"": 1.0}",1,0.697705755406344,47.83400151802457,75.22288720732321,0.4626063327419546,-41.9846016372637
32,log_residual_ridge,log_residual,ridge,recent_compact,"{""alpha"": 1.0}",2,0.4919072904414366,42.404702865961546,57.722213870847014,0.41434808593131955,-33.785782761467836
32,log_residual_ridge,log_residual,ridge,recent_compact,"{""alpha"": 1.0}",3,0.48276162696570474,34.836232533717634,47.85018356478624,0.3712137378735114,-26.972915196732
33,additive_residual_ridge,additive_residual,ridge,recent_compact,"{""alpha"": 10.0}",1,0.6800091375239828,46.55752727448533,74.50929820259225,0.47315431187269047,-31.3499395410706
33,additive_residual_ridge,additive_residual,ridge,recent_compact,"{""alpha"": 10.0}",2,0.5610905544993054,42.234363495330015,55.50195313836443,0.45004495402500216,-27.762788255070106
33,additive_residual_ridge,additive_residual,ridge,recent_compact,"{""alpha"": 10.0}",3,0.527289851383864,34.198457297252986,44.38576456130382,0.398820354177221,-20.798237325574945
34,log_residual_ridge,log_residual,ridge,recent_compact,"{""alpha"": 10.0}",1,0.6967593520293816,47.71322099603005,75.14594275357288,0.4611277520229092,-41.844328919833394
34,log_residual_ridge,log_residual,ridge,recent_compact,"{""alpha"": 10.0}",2,0.49171259694273556,42.36896110613127,57.671966344338855,0.41396966485308834,-33.695820249150266
34,log_residual_ridge,log_residual,ridge,recent_compact,"{""alpha"": 10.0}",3,0.4823436792329811,34.78252141988502,47.781085310530685,0.37063167098946576,-26.889769761619984
35,additive_residual_ridge,additive_residual,ridge,recent_compact,"{""alpha"": 100.0}",1,0.6777817555103446,46.45964553719879,74.76240561761463,0.47026700598977306,-30.198843339756134
35,additive_residual_ridge,additive_residual,ridge,recent_compact,"{""alpha"": 100.0}",2,0.5543123455886573,41.855245291060434,55.14668553168744,0.4468343247374655,-27.133647995565926
35,additive_residual_ridge,additive_residual,ridge,recent_compact,"{""alpha"": 100.0}",3,0.5170573280382185,33.44693855294275,43.42510519417333,0.3922148821364781,-19.98646888709953
36,log_residual_ridge,log_residual,ridge,recent_compact,"{""alpha"": 100.0}",1,0.6899076068599675,46.59380863775578,74.47430365033496,0.4479584038089317,-40.539786024079376
36,log_residual_ridge,log_residual,ridge,recent_compact,"{""alpha"": 100.0}",2,0.4896133214489222,41.98298527640373,57.14816308705297,0.4099688236250023,-32.82052860149655
36,log_residual_ridge,log_residual,ridge,recent_compact,"{""alpha"": 100.0}",3,0.4780133871016131,34.19334259724796,46.98305472569909,0.36458904939934783,-26.01277004954284
37,additive_residual_ridge,additive_residual,ridge,recent_compact,"{""alpha"": 1000.0}",1,0.671553314836455,47.77014140855731,77.2635646005193,0.4671181640709211,-23.96142758030169
37,additive_residual_ridge,additive_residual,ridge,recent_compact,"{""alpha"": 1000.0}",2,0.5127198668249535,38.77767910775887,52.79384535772386,0.4195090430128534,-22.860047391637156
37,additive_residual_ridge,additive_residual,ridge,recent_compact,"{""alpha"": 1000.0}",3,0.45795559111729656,28.26363445610489,37.5731518942194,0.3474974041321928,-14.327852075837251
38,log_residual_ridge,log_residual,ridge,recent_compact,"{""alpha"": 1000.0}",1,0.6847063640803497,42.03314163783038,72.25612357559753,0.4059494350778694,-32.03761741617131
38,log_residual_ridge,log_residual,ridge,recent_compact,"{""alpha"": 1000.0}",2,0.47754425623160285,38.57104156878709,53.30148365623095,0.3809105009523686,-26.49884050287646
38,log_residual_ridge,log_residual,ridge,recent_compact,"{""alpha"": 1000.0}",3,0.45176541998885705,29.507998714017706,39.90971501039252,0.331451036391993,-18.638884828882674
39,direct_extra_trees,direct,extra_trees,full,"{""max_depth"": 4, ""max_features"": 1.0, ""min_samples_leaf"": 5}",1,0.6283263776296385,45.90344992486944,71.87598345819003,0.46806452971511353,-36.25868035424746
39,direct_extra_trees,direct,extra_trees,full,"{""max_depth"": 4, ""max_features"": 1.0, ""min_samples_leaf"": 5}",2,0.5150708703122098,43.23502622283596,60.30787425011656,0.4310504610137942,-31.184747412340027
39,direct_extra_trees,direct,extra_trees,full,"{""max_depth"": 4, ""max_features"": 1.0, ""min_samples_leaf"": 5}",3,0.48755988653978194,36.051752149540626,49.65507147240282,0.3924573398161801,-24.198394350506636
40,additive_residual_extra_trees,additive_residual,extra_trees,full,"{""max_depth"": 4, ""max_features"": 1.0, ""min_samples_leaf"": 5}",1,0.6389354761127699,49.51705890664887,74.29914470053777,0.49238691445614796,-31.03162753168217
40,additive_residual_extra_trees,additive_residual,extra_trees,full,"{""max_depth"": 4, ""max_features"": 1.0, ""min_samples_leaf"": 5}",2,0.5160706575681527,40.8238503956872,56.170742078295795,0.42334110569973404,-30.198822117385745
40,additive_residual_extra_trees,additive_residual,extra_trees,full,"{""max_depth"": 4, ""max_features"": 1.0, ""min_samples_leaf"": 5}",3,0.49523375763292704,34.65757325340243,47.51737159562834,0.38049894111525506,-22.959307417392896
41,log_residual_extra_trees,log_residual,extra_trees,full,"{""max_depth"": 4, ""max_features"": 1.0, ""min_samples_leaf"": 5}",1,0.6698079971222839,47.731171654536254,74.7138993072402,0.4579248220223242,-38.67596403808236
41,log_residual_extra_trees,log_residual,extra_trees,full,"{""max_depth"": 4, ""max_features"": 1.0, ""min_samples_leaf"": 5}",2,0.5158761800774039,43.26544886603171,60.16681817483916,0.41912851398371037,-35.96282467996907
41,log_residual_extra_trees,log_residual,extra_trees,full,"{""max_depth"": 4, ""max_features"": 1.0, ""min_samples_leaf"": 5}",3,0.5130623481223233,36.34491407825844,51.70104963635121,0.38561521622233685,-29.68911400908279
42,blend_direct_extra_trees,blend_direct,extra_trees,full,"{""blend_weight"": 0.2, ""max_depth"": 4, ""max_features"": 1.0, ""min_samples_leaf"": 5}",1,0.7234843758352437,50.582709542402796,82.00034828077723,0.4431679185392115,-21.421433040546457
42,blend_direct_extra_trees,blend_direct,extra_trees,full,"{""blend_weight"": 0.2, ""max_depth"": 4, ""max_features"": 1.0, ""min_samples_leaf"": 5}",2,0.4741174931003433,37.558287420960234,52.82966779487754,0.368290427060298,-21.424828270346786
42,blend_direct_extra_trees,blend_direct,extra_trees,full,"{""blend_weight"": 0.2, ""max_depth"": 4, ""max_features"": 1.0, ""min_samples_leaf"": 5}",3,0.4257450835290858,25.052257099749962,34.27378157313599,0.3003228890966676,-11.009375839798293
43,blend_direct_extra_trees,blend_direct,extra_trees,full,"{""blend_weight"": 0.4, ""max_depth"": 4, ""max_features"": 1.0, ""min_samples_leaf"": 5}",1,0.6773938133798789,47.443914787692535,77.0855969416416,0.4404437976042248,-25.130744868971714
43,blend_direct_extra_trees,blend_direct,extra_trees,full,"{""blend_weight"": 0.4, ""max_depth"": 4, ""max_features"": 1.0, ""min_samples_leaf"": 5}",2,0.45498065903544604,37.15947358309541,53.43524375066586,0.37045959009990936,-23.864808055845106
43,blend_direct_extra_trees,blend_direct,extra_trees,full,"{""blend_weight"": 0.4, ""max_depth"": 4, ""max_features"": 1.0, ""min_samples_leaf"": 5}",3,0.408866173142172,26.381592106592446,35.92995092312407,0.31363839806297705,-14.306630467475378
44,blend_direct_extra_trees,blend_direct,extra_trees,full,"{""blend_weight"": 0.6, ""max_depth"": 4, ""max_features"": 1.0, ""min_samples_leaf"": 5}",1,0.6461284150606703,45.10550661720116,73.63366495742002,0.4408750191362133,-28.84005669739696
44,blend_direct_extra_trees,blend_direct,extra_trees,full,"{""blend_weight"": 0.6, ""max_depth"": 4, ""max_features"": 1.0, ""min_samples_leaf"": 5}",2,0.4591779309183667,38.95313694582279,54.93438585585702,0.38701559154664905,-26.30478784134341
44,blend_direct_extra_trees,blend_direct,extra_trees,full,"{""blend_weight"": 0.6, ""max_depth"": 4, ""max_features"": 1.0, ""min_samples_leaf"": 5}",3,0.4167740739063084,29.5267410267074,39.30487840727737,0.33773857865338963,-17.603885095152464
45,blend_direct_extra_trees,blend_direct,extra_trees,full,"{""blend_weight"": 0.8, ""max_depth"": 4, ""max_features"": 1.0, ""min_samples_leaf"": 5}",1,0.6290442322521292,45.49548721262283,71.85568311418275,0.45651245884720454,-32.54936852582221
45,blend_direct_extra_trees,blend_direct,extra_trees,full,"{""blend_weight"": 0.8, ""max_depth"": 4, ""max_features"": 1.0, ""min_samples_leaf"": 5}",2,0.4804395730433987,41.094081584329366,57.25694912688285,0.4090379632721995,-28.744767626841725
45,blend_direct_extra_trees,blend_direct,extra_trees,full,"{""blend_weight"": 0.8, ""max_depth"": 4, ""max_features"": 1.0, ""min_samples_leaf"": 5}",3,0.44417485427468434,32.717472884094704,44.004867720984016,0.3624574420660251,-20.901139722829544
46,direct_extra_trees,direct,extra_trees,full,"{""max_depth"": 8, ""max_features"": 1.0, ""min_samples_leaf"": 10}",1,0.643599059771831,45.197203105421345,70.79261791542886,0.46749597461242504,-35.159221869437374
46,direct_extra_trees,direct,extra_trees,full,"{""max_depth"": 8, ""max_features"": 1.0, ""min_samples_leaf"": 10}",2,0.496288415276085,41.16783898727626,59.05382485098662,0.4027621077369512,-29.756099924594093
46,direct_extra_trees,direct,extra_trees,full,"{""max_depth"": 8, ""max_features"": 1.0, ""min_samples_leaf"": 10}",3,0.47476814618034974,35.06982039171475,48.05532282601272,0.386186163407093,-22.356758372353443
47,additive_residual_extra_trees,additive_residual,extra_trees,full,"{""max_depth"": 8, ""max_features"": 1.0, ""min_samples_leaf"": 10}",1,0.6572474283746726,50.848333917714015,75.76521976148905,0.5007842736663751,-31.862391680809207
47,additive_residual_extra_trees,additive_residual,extra_trees,full,"{""max_depth"": 8, ""max_features"": 1.0, ""min_samples_leaf"": 10}",2,0.5055118150311461,40.92789467383764,57.87062617761186,0.4101662868283808,-30.89485343887886
47,additive_residual_extra_trees,additive_residual,extra_trees,full,"{""max_depth"": 8, ""max_features"": 1.0, ""min_samples_leaf"": 10}",3,0.4854857641996136,34.450254219695786,48.2034280551475,0.3820538382626658,-22.99006939570216
48,log_residual_extra_trees,log_residual,extra_trees,full,"{""max_depth"": 8, ""max_features"": 1.0, ""min_samples_leaf"": 10}",1,0.6781776099108736,48.4113748628826,74.33384892454765,0.47607457046790636,-39.52446241270238
48,log_residual_extra_trees,log_residual,extra_trees,full,"{""max_depth"": 8, ""max_features"": 1.0, ""min_samples_leaf"": 10}",2,0.5319097315824416,43.91670590821271,62.26919536147115,0.4244626598974597,-37.39714997158575
48,log_residual_extra_trees,log_residual,extra_trees,full,"{""max_depth"": 8, ""max_features"": 1.0, ""min_samples_leaf"": 10}",3,0.5051102109391473,36.21370920325259,51.18089243560479,0.39037273158595925,-29.450464728654847
49,blend_direct_extra_trees,blend_direct,extra_trees,full,"{""blend_weight"": 0.2, ""max_depth"": 8, ""max_features"": 1.0, ""min_samples_leaf"": 10}",1,0.7285318826539751,50.59780112251251,81.86648405678758,0.4444832143418049,-21.201541343584434
49,blend_direct_extra_trees,blend_direct,extra_trees,full,"{""blend_weight"": 0.2, ""max_depth"": 8, ""max_features"": 1.0, ""min_samples_leaf"": 10}",2,0.4690386032273013,37.29079463480209,52.61034164177192,0.36244160106987383,-21.139098772797603
49,blend_direct_extra_trees,blend_direct,extra_trees,full,"{""blend_weight"": 0.2, ""max_depth"": 8, ""max_features"": 1.0, ""min_samples_leaf"": 10}",3,0.42824141071360594,25.07930665797561,34.03131840084595,0.3017317857390168,-10.641048644167654
50,blend_direct_extra_trees,blend_direct,extra_trees,full,"{""blend_weight"": 0.4, ""max_depth"": 8, ""max_features"": 1.0, ""min_samples_leaf"": 10}",1,0.6869285821559521,47.510957740763324,76.77127829892017,0.44505959719470395,-24.690961475047676
50,blend_direct_extra_trees,blend_direct,extra_trees,full,"{""blend_weight"": 0.4, ""max_depth"": 8, ""max_features"": 1.0, ""min_samples_leaf"": 10}",2,0.4459161410228451,36.46466191353807,52.96855765932888,0.3587445159157557,-23.293349060746724
50,blend_direct_extra_trees,blend_direct,extra_trees,full,"{""blend_weight"": 0.4, ""max_depth"": 8, ""max_features"": 1.0, ""min_samples_leaf"": 10}",3,0.4100082035242096,26.07965140061771,35.362239174032375,0.31342372722995077,-13.569976076214111
51,blend_direct_extra_trees,blend_direct,extra_trees,full,"{""blend_weight"": 0.6, ""max_depth"": 8, ""max_features"": 1.0, ""min_samples_leaf"": 10}",1,0.6590835900061792,45.03111884670357,73.09339287179239,0.44528188263660695,-28.18038160651091
51,blend_direct_extra_trees,blend_direct,extra_trees,full,"{""blend_weight"": 0.6, ""max_depth"": 8, ""max_features"": 1.0, ""min_samples_leaf"": 10}",2,0.4467706004783583,37.69219214076762,54.20509645567826,0.36826907521175706,-25.44759934869585
51,blend_direct_extra_trees,blend_direct,extra_trees,full,"{""blend_weight"": 0.6, ""max_depth"": 8, ""max_features"": 1.0, ""min_samples_leaf"": 10}",3,0.41440000734083005,28.995997827506425,38.38147519925203,0.3366903796505628,-16.49890350826055
52,blend_direct_extra_trees,blend_direct,extra_trees,full,"{""blend_weight"": 0.8, ""max_depth"": 8, ""max_features"": 1.0, ""min_samples_leaf"": 10}",1,0.6440237608343384,44.930489757064336,71.05326130023923,0.45726095929400895,-31.669801737974137
52,blend_direct_extra_trees,blend_direct,extra_trees,full,"{""blend_weight"": 0.8, ""max_depth"": 8, ""max_features"": 1.0, ""min_samples_leaf"": 10}",2,0.4649430287218933,39.41282184425582,56.26207596101632,0.38519368759212025,-27.601849636644964
52,blend_direct_extra_trees,blend_direct,extra_trees,full,"{""blend_weight"": 0.8, ""max_depth"": 8, ""max_features"": 1.0, ""min_samples_leaf"": 10}",3,0.43703000011210347,32.00981528516008,42.73265343162933,0.36079472054721423,-19.427830940307004
53,direct_extra_trees,direct,extra_trees,full,"{""max_depth"": 8, ""max_features"": 1.0, ""min_samples_leaf"": 20}",1,0.6148465721545077,45.14540185389502,70.36708476226211,0.4604429952125903,-35.29968290014887
53,direct_extra_trees,direct,extra_trees,full,"{""max_depth"": 8, ""max_features"": 1.0, ""min_samples_leaf"": 20}",2,0.49048693840714497,41.563007668829684,59.47722672356099,0.4066373305635917,-29.95063911317967
53,direct_extra_trees,direct,extra_trees,full,"{""max_depth"": 8, ""max_features"": 1.0, ""min_samples_leaf"": 20}",3,0.48517214949872767,36.0900935619226,49.82014689623286,0.39137559115857345,-23.382797833178696
54,additive_residual_extra_trees,additive_residual,extra_trees,full,"{""max_depth"": 8, ""max_features"": 1.0, ""min_samples_leaf"": 20}",1,0.658162480730459,52.20641195618166,78.50152892821171,0.5054812328519267,-31.277195960379764
54,additive_residual_extra_trees,additive_residual,extra_trees,full,"{""max_depth"": 8, ""max_features"": 1.0, ""min_samples_leaf"": 20}",2,0.5077729765634234,41.32347571970813,58.22699315531365,0.4160678342319951,-31.566027604758595
54,additive_residual_extra_trees,additive_residual,extra_trees,full,"{""max_depth"": 8, ""max_features"": 1.0, ""min_samples_leaf"": 20}",3,0.4810210510726916,32.591719403246486,44.627487983404215,0.37013175375249874,-22.584052941536587
55,log_residual_extra_trees,log_residual,extra_trees,full,"{""max_depth"": 8, ""max_features"": 1.0, ""min_samples_leaf"": 20}",1,0.6882042904899778,50.083112291134505,76.47010139498106,0.4819707726856017,-38.61087714361794
55,log_residual_extra_trees,log_residual,extra_trees,full,"{""max_depth"": 8, ""max_features"": 1.0, ""min_samples_leaf"": 20}",2,0.5257931382703953,43.70380907319828,61.296671118166806,0.42325810149505316,-36.66924776526949
55,log_residual_extra_trees,log_residual,extra_trees,full,"{""max_depth"": 8, ""max_features"": 1.0, ""min_samples_leaf"": 20}",3,0.49358904923189395,34.85434809645712,47.65614071317165,0.3810891921887734,-28.021470361013858
56,blend_direct_extra_trees,blend_direct,extra_trees,full,"{""blend_weight"": 0.2, ""max_depth"": 8, ""max_features"": 1.0, ""min_samples_leaf"": 20}",1,0.7235455939790241,50.50072438133993,81.71216062000477,0.44374255219251385,-21.22963354972674
56,blend_direct_extra_trees,blend_direct,extra_trees,full,"{""blend_weight"": 0.2, ""max_depth"": 8, ""max_features"": 1.0, ""min_samples_leaf"": 20}",2,0.47039957546788513,37.346735424568486,52.728396647584205,0.361486857442574,-21.178006610514718
56,blend_direct_extra_trees,blend_direct,extra_trees,full,"{""blend_weight"": 0.2, ""max_depth"": 8, ""max_features"": 1.0, ""min_samples_leaf"": 20}",3,0.432770808264411,25.307436351024727,34.33886878124103,0.3071648781064385,-10.846256536332708
57,blend_direct_extra_trees,blend_direct,extra_trees,full,"{""blend_weight"": 0.4, ""max_depth"": 8, ""max_features"": 1.0, ""min_samples_leaf"": 20}",1,0.6755635783420931,47.21685946682933,76.48500722603092,0.4374524943177933,-24.74714588733228
57,blend_direct_extra_trees,blend_direct,extra_trees,full,"{""blend_weight"": 0.4, ""max_depth"": 8, ""max_features"": 1.0, ""min_samples_leaf"": 20}",2,0.4459887971757906,36.545962054888044,53.19154421024688,0.3577732084236666,-23.37116473618096
57,blend_direct_extra_trees,blend_direct,extra_trees,full,"{""blend_weight"": 0.4, ""max_depth"": 8, ""max_features"": 1.0, ""min_samples_leaf"": 20}",3,0.4167493387713576,26.54858359000185,36.045834343232556,0.3146289650427478,-13.980391860544206
58,blend_direct_extra_trees,blend_direct,extra_trees,full,"{""blend_weight"": 0.6, ""max_depth"": 8, ""max_features"": 1.0, ""min_samples_leaf"": 20}",1,0.641092945417132,44.77804955600873,72.71009292766607,0.4367340094276788,-28.264658224937808
58,blend_direct_extra_trees,blend_direct,extra_trees,full,"{""blend_weight"": 0.6, ""max_depth"": 8, ""max_features"": 1.0, ""min_samples_leaf"": 20}",2,0.44471475180391207,37.92173301896347,54.51515395345921,0.3695516115781332,-25.5643228618472
58,blend_direct_extra_trees,blend_direct,extra_trees,full,"{""blend_weight"": 0.6, ""max_depth"": 8, ""max_features"": 1.0, ""min_samples_leaf"": 20}",3,0.4222849021589701,29.63587431897175,39.45248343943732,0.33877185186590264,-17.114527184755705
59,blend_direct_extra_trees,blend_direct,extra_trees,full,"{""blend_weight"": 0.8, ""max_depth"": 8, ""max_features"": 1.0, ""min_samples_leaf"": 20}",1,0.6199130131535937,44.78615040925197,70.62068424152348,0.44919319687878173,-31.782170562543342
59,blend_direct_extra_trees,blend_direct,extra_trees,full,"{""blend_weight"": 0.8, ""max_depth"": 8, ""max_features"": 1.0, ""min_samples_leaf"": 20}",2,0.4607972282981735,39.71887634851694,56.63893288473135,0.3876899483289154,-27.757480987513432
59,blend_direct_extra_trees,blend_direct,extra_trees,full,"{""blend_weight"": 0.8, ""max_depth"": 8, ""max_features"": 1.0, ""min_samples_leaf"": 20}",3,0.4458741886709158,32.86298394044718,44.16725865721381,0.3645002340530254,-20.248662508967197
60,direct_extra_trees,direct,extra_trees,full,"{""max_depth"": 4, ""max_features"": ""sqrt"", ""min_samples_leaf"": 10}",1,0.6913613322845243,49.63355509969886,74.72541871509267,0.5163804236282398,-38.59690733006823
60,direct_extra_trees,direct,extra_trees,full,"{""max_depth"": 4, ""max_features"": ""sqrt"", ""min_samples_leaf"": 10}",2,0.6404648078054609,48.489351825855806,66.51998051354241,0.5028896491350857,-35.44534349406862
60,direct_extra_trees,direct,extra_trees,full,"{""max_depth"": 4, ""max_features"": ""sqrt"", ""min_samples_leaf"": 10}",3,0.606293372677116,42.70429413532411,57.56059586225543,0.4661819363209096,-29.787890339899253
61,additive_residual_extra_trees,additive_residual,extra_trees,full,"{""max_depth"": 4, ""max_features"": ""sqrt"", ""min_samples_leaf"": 10}",1,0.6542043945284839,48.76870284735381,78.90104789367257,0.46697260348342234,-25.15899567667842
61,additive_residual_extra_trees,additive_residual,extra_trees,full,"{""max_depth"": 4, ""max_features"": ""sqrt"", ""min_samples_leaf"": 10}",2,0.4915077202719471,39.382701716349644,53.76031116646421,0.4121620782677687,-26.34172731957358
61,additive_residual_extra_trees,additive_residual,extra_trees,full,"{""max_depth"": 4, ""max_features"": ""sqrt"", ""min_samples_leaf"": 10}",3,0.4428308780726034,29.273557114246156,38.84590984658431,0.3411868093291432,-17.47499536742926
62,log_residual_extra_trees,log_residual,extra_trees,full,"{""max_depth"": 4, ""max_features"": ""sqrt"", ""min_samples_leaf"": 10}",1,0.6893736472763217,46.95312224630045,76.14728152267755,0.4355581069588866,-31.75200780611074
62,log_residual_extra_trees,log_residual,extra_trees,full,"{""max_depth"": 4, ""max_features"": ""sqrt"", ""min_samples_leaf"": 10}",2,0.4917043386556173,40.87586570471559,56.03712764627232,0.39921409928302515,-30.80805420094342
62,log_residual_extra_trees,log_residual,extra_trees,full,"{""max_depth"": 4, ""max_features"": ""sqrt"", ""min_samples_leaf"": 10}",3,0.45667344319820047,30.704964209206185,41.54922142619844,0.3408588552900001,-22.006992282888017
63,blend_direct_extra_trees,blend_direct,extra_trees,full,"{""blend_weight"": 0.2, ""max_depth"": 4, ""max_features"": ""sqrt"", ""min_samples_leaf"": 10}",1,0.7139803775717058,50.53515984078092,81.88910950356419,0.4553620582494427,-21.889078435710612
63,blend_direct_extra_trees,blend_direct,extra_trees,full,"{""blend_weight"": 0.2, ""max_depth"": 4, ""max_features"": ""sqrt"", ""min_samples_leaf"": 10}",2,0.4868654397722283,38.49422488130865,53.62713916643247,0.39485753858336314,-22.276947486692507
63,blend_direct_extra_trees,blend_direct,extra_trees,full,"{""blend_weight"": 0.2, ""max_depth"": 4, ""max_features"": ""sqrt"", ""min_samples_leaf"": 10}",3,0.41885553237827383,25.203025963730024,35.04696087691668,0.30655853799935734,-12.127275037676817
64,blend_direct_extra_trees,blend_direct,extra_trees,full,"{""blend_weight"": 0.4, ""max_depth"": 4, ""max_features"": ""sqrt"", ""min_samples_leaf"": 10}",1,0.6775105441691907,47.435448771990444,77.17911687712265,0.46004719922069043,-26.06603565930002
64,blend_direct_extra_trees,blend_direct,extra_trees,full,"{""blend_weight"": 0.4, ""max_depth"": 4, ""max_features"": ""sqrt"", ""min_samples_leaf"": 10}",2,0.49757667757505564,39.46129356895026,55.33042986979847,0.4157708243278119,-25.569046488536536
64,blend_direct_extra_trees,blend_direct,extra_trees,full,"{""blend_weight"": 0.4, ""max_depth"": 4, ""max_features"": ""sqrt"", ""min_samples_leaf"": 10}",3,0.4289680052891322,28.14519503292726,38.159101479523706,0.33297636120077373,-16.542428863232434
65,blend_direct_extra_trees,blend_direct,extra_trees,full,"{""blend_weight"": 0.6, ""max_depth"": 4, ""max_features"": ""sqrt"", ""min_samples_leaf"": 10}",1,0.6634963714370832,46.457376843375876,74.29596006484944,0.4707858157477569,-30.242992882889418
65,blend_direct_extra_trees,blend_direct,extra_trees,full,"{""blend_weight"": 0.6, ""max_depth"": 4, ""max_features"": ""sqrt"", ""min_samples_leaf"": 10}",2,0.532406880377407,42.19951611100113,58.150593861409824,0.4416125425066161,-28.861145490380565
65,blend_direct_extra_trees,blend_direct,extra_trees,full,"{""blend_weight"": 0.6, ""max_depth"": 4, ""max_features"": ""sqrt"", ""min_samples_leaf"": 10}",3,0.4710437517589726,32.60224482010288,43.35375801029291,0.37238628819385333,-20.957582688788037
66,blend_direct_extra_trees,blend_direct,extra_trees,full,"{""blend_weight"": 0.8, ""max_depth"": 4, ""max_features"": ""sqrt"", ""min_samples_leaf"": 10}",1,0.667573685932525,47.44958032341006,73.4550682755258,0.4904593294534887,-34.419950106478815
66,blend_direct_extra_trees,blend_direct,extra_trees,full,"{""blend_weight"": 0.8, ""max_depth"": 4, ""max_features"": ""sqrt"", ""min_samples_leaf"": 10}",2,0.5811914210935727,45.29754206674526,61.93525123667265,0.4717619820357577,-32.153244492224594
66,blend_direct_extra_trees,blend_direct,extra_trees,full,"{""blend_weight"": 0.8, ""max_depth"": 4, ""max_features"": ""sqrt"", ""min_samples_leaf"": 10}",3,0.5314694405073476,37.3130941035715,49.985831896443145,0.4149077496979588,-25.372736514343647
67,direct_extra_trees,direct,extra_trees,recent_only,"{""max_depth"": 4, ""max_features"": 1.0, ""min_samples_leaf"": 5}",1,0.6399019442916687,45.654746981278464,72.34217429490003,0.46672255540721025,-32.79667611289116
67,direct_extra_trees,direct,extra_trees,recent_only,"{""max_depth"": 4, ""max_features"": 1.0, ""min_samples_leaf"": 5}",2,0.4961233792803699,42.13855560021757,57.644204114500106,0.4249795586311493,-26.523568862743385
67,direct_extra_trees,direct,extra_trees,recent_only,"{""max_depth"": 4, ""max_features"": 1.0, ""min_samples_leaf"": 5}",3,0.46265253246136856,34.3142789624799,46.388235090545315,0.38411187896361115,-20.136714979362242
68,additive_residual_extra_trees,additive_residual,extra_trees,recent_only,"{""max_depth"": 4, ""max_features"": 1.0, ""min_samples_leaf"": 5}",1,0.6498134359037294,48.85362902076279,74.47775173013551,0.4829933040965125,-29.139723409642375
68,additive_residual_extra_trees,additive_residual,extra_trees,recent_only,"{""max_depth"": 4, ""max_features"": 1.0, ""min_samples_leaf"": 5}",2,0.4749338659974209,39.33664093111097,54.03122682626808,0.4064252160477633,-26.86485304587953
68,additive_residual_extra_trees,additive_residual,extra_trees,recent_only,"{""max_depth"": 4, ""max_features"": 1.0, ""min_samples_leaf"": 5}",3,0.4573479797566869,33.40261622885279,45.63985747079424,0.37347246960527797,-19.40470742844055
69,log_residual_extra_trees,log_residual,extra_trees,recent_only,"{""max_depth"": 4, ""max_features"": 1.0, ""min_samples_leaf"": 5}",1,0.6981906247986391,47.606070712450226,75.85796814788905,0.4569692445318514,-37.752279613334174
69,log_residual_extra_trees,log_residual,extra_trees,recent_only,"{""max_depth"": 4, ""max_features"": 1.0, ""min_samples_leaf"": 5}",2,0.5012461915694163,42.31668226779553,59.208311115317066,0.41010666540978935,-33.69344543250626
69,log_residual_extra_trees,log_residual,extra_trees,recent_only,"{""max_depth"": 4, ""max_features"": 1.0, ""min_samples_leaf"": 5}",3,0.4803960712464743,34.91784802349851,50.15532617788694,0.36629169715016646,-27.27472055963328
70,blend_direct_extra_trees,blend_direct,extra_trees,recent_only,"{""blend_weight"": 0.2, ""max_depth"": 4, ""max_features"": 1.0, ""min_samples_leaf"": 5}",1,0.7301126641528535,50.95866819275359,82.45167550756992,0.4464665987636536,-20.729032192275195
70,blend_direct_extra_trees,blend_direct,extra_trees,recent_only,"{""blend_weight"": 0.2, ""max_depth"": 4, ""max_features"": 1.0, ""min_samples_leaf"": 5}",2,0.47693284360803656,37.468891050798746,52.6424048810551,0.366941415725532,-20.492592560427457
70,blend_direct_extra_trees,blend_direct,extra_trees,recent_only,"{""blend_weight"": 0.2, ""max_depth"": 4, ""max_features"": 1.0, ""min_samples_leaf"": 5}",3,0.4281619281447506,25.207509329387964,34.00113132999156,0.3005404942764087,-10.197039965569417
71,blend_direct_extra_trees,blend_direct,extra_trees,recent_only,"{""blend_weight"": 0.4, ""max_depth"": 4, ""max_features"": 1.0, ""min_samples_leaf"": 5}",1,0.6885974493380719,48.1624093320658,77.84757599288275,0.445191141369204,-23.745943172429193
71,blend_direct_extra_trees,blend_direct,extra_trees,recent_only,"{""blend_weight"": 0.4, ""max_depth"": 4, ""max_features"": 1.0, ""min_samples_leaf"": 5}",2,0.45552423845208817,36.60814295192979,52.860951754120194,0.36573448656444274,-22.00033663600644
71,blend_direct_extra_trees,blend_direct,extra_trees,recent_only,"{""blend_weight"": 0.4, ""max_depth"": 4, ""max_features"": 1.0, ""min_samples_leaf"": 5}",3,0.40831497761639396,25.7912616394054,35.095054339909154,0.3067199086033026,-12.681958719017626
72,blend_direct_extra_trees,blend_direct,extra_trees,recent_only,"{""blend_weight"": 0.6, ""max_depth"": 4, ""max_features"": 1.0, ""min_samples_leaf"": 5}",1,0.6600723688985608,45.68227135608211,74.52126598432392,0.4446029989675829,-26.76285415258318
72,blend_direct_extra_trees,blend_direct,extra_trees,recent_only,"{""blend_weight"": 0.6, ""max_depth"": 4, ""max_features"": 1.0, ""min_samples_leaf"": 5}",2,0.45487033672886146,38.125557602554785,53.79502401992017,0.3812814084184772,-23.50808071158542
72,blend_direct_extra_trees,blend_direct,extra_trees,recent_only,"{""blend_weight"": 0.6, ""max_depth"": 4, ""max_features"": 1.0, ""min_samples_leaf"": 5}",3,0.4100643436327406,28.361134883350516,37.72033110633024,0.3309577782483865,-15.166877472465831
73,blend_direct_extra_trees,blend_direct,extra_trees,recent_only,"{""blend_weight"": 0.8, ""max_depth"": 4, ""max_features"": 1.0, ""min_samples_leaf"": 5}",1,0.6434958131022612,45.29652485775005,72.64847405019393,0.45526573259482883,-29.779765132737165
73,blend_direct_extra_trees,blend_direct,extra_trees,recent_only,"{""blend_weight"": 0.8, ""max_depth"": 4, ""max_features"": 1.0, ""min_samples_leaf"": 5}",2,0.469595794698861,40.13205660138619,55.408446635129835,0.40331826099239054,-25.0158247871644
73,blend_direct_extra_trees,blend_direct,extra_trees,recent_only,"{""blend_weight"": 0.8, ""max_depth"": 4, ""max_features"": 1.0, ""min_samples_leaf"": 5}",3,0.4292287909166568,31.3271807457415,41.58796160752965,0.35756071095588793,-17.65179622591404
74,direct_extra_trees,direct,extra_trees,recent_only,"{""max_depth"": 8, ""max_features"": 1.0, ""min_samples_leaf"": 10}",1,0.6442029790693494,44.87810009547131,71.72945896581906,0.46249618576455415,-32.190538545268424
74,direct_extra_trees,direct,extra_trees,recent_only,"{""max_depth"": 8, ""max_features"": 1.0, ""min_samples_leaf"": 10}",2,0.4669980627463885,40.02976500735631,56.26623607426143,0.3971443997860375,-25.426283419085248
74,direct_extra_trees,direct,extra_trees,recent_only,"{""max_depth"": 8, ""max_features"": 1.0, ""min_samples_leaf"": 10}",3,0.46473228758852764,34.273690680645636,46.12958326713212,0.3872461489384316,-18.05712479374351
75,additive_residual_extra_trees,additive_residual,extra_trees,recent_only,"{""max_depth"": 8, ""max_features"": 1.0, ""min_samples_leaf"": 10}",1,0.663301759319438,50.36617117646355,76.85005968338956,0.48972726181604626,-29.101349366192935
75,additive_residual_extra_trees,additive_residual,extra_trees,recent_only,"{""max_depth"": 8, ""max_features"": 1.0, ""min_samples_leaf"": 10}",2,0.4573381771769858,39.31774496520132,55.712285195261906,0.3897937511893503,-28.033254382645453
75,additive_residual_extra_trees,additive_residual,extra_trees,recent_only,"{""max_depth"": 8, ""max_features"": 1.0, ""min_samples_leaf"": 10}",3,0.4633522796549191,33.69025664627025,46.25065630827813,0.3791944253346161,-19.764677202969178
76,log_residual_extra_trees,log_residual,extra_trees,recent_only,"{""max_depth"": 8, ""max_features"": 1.0, ""min_samples_leaf"": 10}",1,0.7064222825978858,48.79412739974677,76.95574591338719,0.47423102736246553,-38.67747931836297
76,log_residual_extra_trees,log_residual,extra_trees,recent_only,"{""max_depth"": 8, ""max_features"": 1.0, ""min_samples_leaf"": 10}",2,0.5048084834394947,42.384530133210575,61.004900094477584,0.40558639304476896,-35.38210109041949
76,log_residual_extra_trees,log_residual,extra_trees,recent_only,"{""max_depth"": 8, ""max_features"": 1.0, ""min_samples_leaf"": 10}",3,0.4778021088886235,35.05083017132006,49.526543351619374,0.3743378143163582,-26.77705659288409
77,blend_direct_extra_trees,blend_direct,extra_trees,recent_only,"{""blend_weight"": 0.2, ""max_depth"": 8, ""max_features"": 1.0, ""min_samples_leaf"": 10}",1,0.7319978097056603,50.796997007046116,82.28653598005353,0.4441123919425127,-20.607804678750647
77,blend_direct_extra_trees,blend_direct,extra_trees,recent_only,"{""blend_weight"": 0.2, ""max_depth"": 8, ""max_features"": 1.0, ""min_samples_leaf"": 10}",2,0.47294385664571353,37.164895597233574,52.41975280772495,0.3603393585938233,-20.273135471695834
77,blend_direct_extra_trees,blend_direct,extra_trees,recent_only,"{""blend_weight"": 0.2, ""max_depth"": 8, ""max_features"": 1.0, ""min_samples_leaf"": 10}",3,0.4344444555411008,25.118641812756074,33.847218226066744,0.2991039083659153,-9.781121928445668
78,blend_direct_extra_trees,blend_direct,extra_trees,recent_only,"{""blend_weight"": 0.4, ""max_depth"": 8, ""max_features"": 1.0, ""min_samples_leaf"": 10}",1,0.6918504911255754,47.920153514281495,77.52812658987547,0.44611258633762135,-23.503488145380093
78,blend_direct_extra_trees,blend_direct,extra_trees,recent_only,"{""blend_weight"": 0.4, ""max_depth"": 8, ""max_features"": 1.0, ""min_samples_leaf"": 10}",2,0.44542127840843965,35.8689865554124,52.37838547427307,0.35274761998963206,-21.5614224585432
78,blend_direct_extra_trees,blend_direct,extra_trees,recent_only,"{""blend_weight"": 0.4, ""max_depth"": 8, ""max_features"": 1.0, ""min_samples_leaf"": 10}",3,0.416276761612965,25.933657857725787,34.836844342807666,0.30988735928237626,-11.85012264477013
79,blend_direct_extra_trees,blend_direct,extra_trees,recent_only,"{""blend_weight"": 0.6, ""max_depth"": 8, ""max_features"": 1.0, ""min_samples_leaf"": 10}",1,0.6641019973108068,45.12188746202788,74.0684104651743,0.44338537459654714,-26.39917161200953
79,blend_direct_extra_trees,blend_direct,extra_trees,recent_only,"{""blend_weight"": 0.6, ""max_depth"": 8, ""max_features"": 1.0, ""min_samples_leaf"": 10}",2,0.43808383956130387,36.86028324683803,53.025717012011995,0.36298821388376895,-22.84970944539055
79,blend_direct_extra_trees,blend_direct,extra_trees,recent_only,"{""blend_weight"": 0.6, ""max_depth"": 8, ""max_features"": 1.0, ""min_samples_leaf"": 10}",3,0.417123225687771,28.574729210831105,37.41631038640414,0.33545297007363084,-13.919123361094591
80,blend_direct_extra_trees,blend_direct,extra_trees,recent_only,"{""blend_weight"": 0.8, ""max_depth"": 8, ""max_features"": 1.0, ""min_samples_leaf"": 10}",1,0.6477861258060235,44.67520734910432,72.09459794257816,0.45289993945096524,-29.294855078638978
80,blend_direct_extra_trees,blend_direct,extra_trees,recent_only,"{""blend_weight"": 0.8, ""max_depth"": 8, ""max_features"": 1.0, ""min_samples_leaf"": 10}",2,0.4463749073313401,38.44502412709717,54.33713908242045,0.3801702545203966,-24.137996432237898
80,blend_direct_extra_trees,blend_direct,extra_trees,recent_only,"{""blend_weight"": 0.8, ""max_depth"": 8, ""max_features"": 1.0, ""min_samples_leaf"": 10}",3,0.4340508187542738,31.29471012027409,41.28871345952979,0.36047131304376434,-15.988124077419052
81,direct_extra_trees,direct,extra_trees,recent_only,"{""max_depth"": 8, ""max_features"": 1.0, ""min_samples_leaf"": 20}",1,0.6348233452117824,45.97485353991695,72.12994531757175,0.4691452017536138,-33.890470244079864
81,direct_extra_trees,direct,extra_trees,recent_only,"{""max_depth"": 8, ""max_features"": 1.0, ""min_samples_leaf"": 20}",2,0.5044539679022254,42.6038137885477,59.972061439403994,0.42679457388656933,-28.707829019689473
81,direct_extra_trees,direct,extra_trees,recent_only,"{""max_depth"": 8, ""max_features"": 1.0, ""min_samples_leaf"": 20}",3,0.48324343268341313,36.58640458997811,49.68549651180121,0.4045267554376133,-21.519894835020853
82,additive_residual_extra_trees,additive_residual,extra_trees,recent_only,"{""max_depth"": 8, ""max_features"": 1.0, ""min_samples_leaf"": 20}",1,0.675528623534744,51.979005512044225,79.95952418591774,0.4983792869032946,-28.554814377426375
82,additive_residual_extra_trees,additive_residual,extra_trees,recent_only,"{""max_depth"": 8, ""max_features"": 1.0, ""min_samples_leaf"": 20}",2,0.4787684337389375,40.82097956005567,57.13896182950319,0.4112056595453693,-29.15716645663125
82,additive_residual_extra_trees,additive_residual,extra_trees,recent_only,"{""max_depth"": 8, ""max_features"": 1.0, ""min_samples_leaf"": 20}",3,0.4425687708588636,31.53315988556394,42.878577382993605,0.360459174657289,-19.49482346629786
83,log_residual_extra_trees,log_residual,extra_trees,recent_only,"{""max_depth"": 8, ""max_features"": 1.0, ""min_samples_leaf"": 20}",1,0.7131927067336601,50.31826417075491,78.42039983788975,0.478893639970811,-37.1409168180631
83,log_residual_extra_trees,log_residual,extra_trees,recent_only,"{""max_depth"": 8, ""max_features"": 1.0, ""min_samples_leaf"": 20}",2,0.5068364175360499,42.87852637636044,60.164139845343406,0.41625656626949864,-35.22091690753794
83,log_residual_extra_trees,log_residual,extra_trees,recent_only,"{""max_depth"": 8, ""max_features"": 1.0, ""min_samples_leaf"": 20}",3,0.46248631400364143,33.20038396847688,45.73289764809339,0.3604713386552725,-25.53637497298007
84,blend_direct_extra_trees,blend_direct,extra_trees,recent_only,"{""blend_weight"": 0.2, ""max_depth"": 8, ""max_features"": 1.0, ""min_samples_leaf"": 20}",1,0.7275121837094717,50.6523637990764,82.01886816460072,0.4451395235719634,-20.947791018512934
84,blend_direct_extra_trees,blend_direct,extra_trees,recent_only,"{""blend_weight"": 0.2, ""max_depth"": 8, ""max_features"": 1.0, ""min_samples_leaf"": 20}",2,0.47787930730456685,37.56944360741672,52.88275326146331,0.36758626892746465,-20.929444591816676
84,blend_direct_extra_trees,blend_direct,extra_trees,recent_only,"{""blend_weight"": 0.2, ""max_depth"": 8, ""max_features"": 1.0, ""min_samples_leaf"": 20}",3,0.4305607639439479,25.23579003120652,34.3369365131621,0.30139056413095755,-10.473675936701135
85,blend_direct_extra_trees,blend_direct,extra_trees,recent_only,"{""blend_weight"": 0.4, ""max_depth"": 8, ""max_features"": 1.0, ""min_samples_leaf"": 20}",1,0.6836034821178869,47.54609959989259,77.13885455749715,0.4419242712888314,-24.183460824904675
85,blend_direct_extra_trees,blend_direct,extra_trees,recent_only,"{""blend_weight"": 0.4, ""max_depth"": 8, ""max_features"": 1.0, ""min_samples_leaf"": 20}",2,0.4569918178111893,36.760149335820444,53.47619853877969,0.36626611098695777,-22.87404069878488
85,blend_direct_extra_trees,blend_direct,extra_trees,recent_only,"{""blend_weight"": 0.4, ""max_depth"": 8, ""max_features"": 1.0, ""min_samples_leaf"": 20}",3,0.41359686600276735,26.583738147516247,36.02448162134209,0.3126722316973849,-13.23523066128107
86,blend_direct_extra_trees,blend_direct,extra_trees,recent_only,"{""blend_weight"": 0.6, ""max_depth"": 8, ""max_features"": 1.0, ""min_samples_leaf"": 20}",1,0.6532768599536224,45.1418496419079,73.73903067129264,0.4415463104906223,-27.4191306312964
86,blend_direct_extra_trees,blend_direct,extra_trees,recent_only,"{""blend_weight"": 0.6, ""max_depth"": 8, ""max_features"": 1.0, ""min_samples_leaf"": 20}",2,0.45744433927257333,38.404712515552866,54.900701053546186,0.3818654142284581,-24.818636805753076
86,blend_direct_extra_trees,blend_direct,extra_trees,recent_only,"{""blend_weight"": 0.6, ""max_depth"": 8, ""max_features"": 1.0, ""min_samples_leaf"": 20}",3,0.41912920825257494,29.703357905502013,39.39898295004739,0.34168069267689916,-15.996785385860996
87,blend_direct_extra_trees,blend_direct,extra_trees,recent_only,"{""blend_weight"": 0.8, ""max_depth"": 8, ""max_features"": 1.0, ""min_samples_leaf"": 20}",1,0.6361635959584487,45.41929013470877,72.02929973767321,0.45634657931412287,-30.65480043768814
87,blend_direct_extra_trees,blend_direct,extra_trees,recent_only,"{""blend_weight"": 0.8, ""max_depth"": 8, ""max_features"": 1.0, ""min_samples_leaf"": 20}",2,0.47435697920101155,40.50426315205028,57.09408980401039,0.4045152687598527,-26.763232912721264
87,blend_direct_extra_trees,blend_direct,extra_trees,recent_only,"{""blend_weight"": 0.8, ""max_depth"": 8, ""max_features"": 1.0, ""min_samples_leaf"": 20}",3,0.44324940719302786,33.14488124774005,44.0746520501757,0.37291627351301054,-18.75834011044093
88,direct_extra_trees,direct,extra_trees,recent_only,"{""max_depth"": 4, ""max_features"": ""sqrt"", ""min_samples_leaf"": 10}",1,0.721794409259165,51.65819322919672,76.59168918267392,0.5373918072331066,-39.19324580254118
88,direct_extra_trees,direct,extra_trees,recent_only,"{""max_depth"": 4, ""max_features"": ""sqrt"", ""min_samples_leaf"": 10}",2,0.6790073032145811,50.31134869858121,68.99529225477492,0.52400713743325,-36.299389425063964
88,direct_extra_trees,direct,extra_trees,recent_only,"{""max_depth"": 4, ""max_features"": ""sqrt"", ""min_samples_leaf"": 10}",3,0.6492974045505706,45.295631266445554,60.481930426272235,0.4956413001146914,-30.787440293551892
89,additive_residual_extra_trees,additive_residual,extra_trees,recent_only,"{""max_depth"": 4, ""max_features"": ""sqrt"", ""min_samples_leaf"": 10}",1,0.670838970116374,49.32970428941889,80.09641641722428,0.46049045162188773,-21.05663859761054
89,additive_residual_extra_trees,additive_residual,extra_trees,recent_only,"{""max_depth"": 4, ""max_features"": ""sqrt"", ""min_samples_leaf"": 10}",2,0.4661373170648965,36.64576876459484,51.73685920354139,0.385702681098228,-21.863411429141195
89,additive_residual_extra_trees,additive_residual,extra_trees,recent_only,"{""max_depth"": 4, ""max_features"": ""sqrt"", ""min_samples_leaf"": 10}",3,0.4160657885954515,26.37440220438239,35.12428305243375,0.32302654518416174,-11.822579053960515
90,log_residual_extra_trees,log_residual,extra_trees,recent_only,"{""max_depth"": 4, ""max_features"": ""sqrt"", ""min_samples_leaf"": 10}",1,0.7081846206923871,46.639716389961876,77.0764891903424,0.4296864936828596,-25.96795070956897
90,log_residual_extra_trees,log_residual,extra_trees,recent_only,"{""max_depth"": 4, ""max_features"": ""sqrt"", ""min_samples_leaf"": 10}",2,0.478007117385947,37.557623749438136,52.79746135057062,0.37282510578707506,-25.146449184005437
90,log_residual_extra_trees,log_residual,extra_trees,recent_only,"{""max_depth"": 4, ""max_features"": ""sqrt"", ""min_samples_leaf"": 10}",3,0.4417073359370371,27.290892360992256,36.829281801117766,0.3171558129478163,-15.562516904172957
91,blend_direct_extra_trees,blend_direct,extra_trees,recent_only,"{""blend_weight"": 0.2, ""max_depth"": 4, ""max_features"": ""sqrt"", ""min_samples_leaf"": 10}",1,0.7118039031200805,50.53522052112778,81.80616498973349,0.4591757822131108,-22.0083461302052
91,blend_direct_extra_trees,blend_direct,extra_trees,recent_only,"{""blend_weight"": 0.2, ""max_depth"": 4, ""max_features"": ""sqrt"", ""min_samples_leaf"": 10}",2,0.49177136467124555,38.752710155440475,53.8862926096189,0.40145269032427644,-22.447756672891572
91,blend_direct_extra_trees,blend_direct,extra_trees,recent_only,"{""blend_weight"": 0.2, ""max_depth"": 4, ""max_features"": ""sqrt"", ""min_samples_leaf"": 10}",3,0.41856030482325873,25.175572210057055,35.18602763108388,0.3061654149280747,-12.327185028407344
92,blend_direct_extra_trees,blend_direct,extra_trees,recent_only,"{""blend_weight"": 0.4, ""max_depth"": 4, ""max_features"": ""sqrt"", ""min_samples_leaf"": 10}",1,0.679471212820875,47.49457488191585,77.23010753239087,0.46529663816202527,-26.3045710482892
92,blend_direct_extra_trees,blend_direct,extra_trees,recent_only,"{""blend_weight"": 0.4, ""max_depth"": 4, ""max_features"": ""sqrt"", ""min_samples_leaf"": 10}",2,0.5108626846722308,40.29135251026942,56.00709274910625,0.42829445616880457,-25.91066486093467
92,blend_direct_extra_trees,blend_direct,extra_trees,recent_only,"{""blend_weight"": 0.4, ""max_depth"": 4, ""max_features"": ""sqrt"", ""min_samples_leaf"": 10}",3,0.4388017883698535,28.854268675811593,38.79757476379867,0.34361883702185886,-16.94224884469348
93,blend_direct_extra_trees,blend_direct,extra_trees,recent_only,"{""blend_weight"": 0.6, ""max_depth"": 4, ""max_features"": ""sqrt"", ""min_samples_leaf"": 10}",1,0.6724878461233976,47.41525176281977,74.72779161350671,0.4829211717924618,-30.600795966373187
93,blend_direct_extra_trees,blend_direct,extra_trees,recent_only,"{""blend_weight"": 0.6, ""max_depth"": 4, ""max_features"": ""sqrt"", ""min_samples_leaf"": 10}",2,0.5540456179457998,43.444604522979894,59.36259802455488,0.45837405426029726,-29.373573048977775
93,blend_direct_extra_trees,blend_direct,extra_trees,recent_only,"{""blend_weight"": 0.6, ""max_depth"": 4, ""max_features"": ""sqrt"", ""min_samples_leaf"": 10}",3,0.49201171584434494,33.81928180159616,44.69509433771343,0.3881036112584311,-21.55731266097962
94,blend_direct_extra_trees,blend_direct,extra_trees,recent_only,"{""blend_weight"": 0.8, ""max_depth"": 4, ""max_features"": ""sqrt"", ""min_samples_leaf"": 10}",1,0.6857840615824452,48.59912356254756,74.50844663679798,0.5035452741435731,-34.89702088445719
94,blend_direct_extra_trees,blend_direct,extra_trees,recent_only,"{""blend_weight"": 0.8, ""max_depth"": 4, ""max_features"": ""sqrt"", ""min_samples_leaf"": 10}",2,0.6110042448437143,46.744189393239076,63.758163001008406,0.48896581635825065,-32.83648123702086
94,blend_direct_extra_trees,blend_direct,extra_trees,recent_only,"{""blend_weight"": 0.8, ""max_depth"": 4, ""max_features"": ""sqrt"", ""min_samples_leaf"": 10}",3,0.5631409538754182,39.34862622527765,52.10811348887106,0.43839751080215644,-26.172376477265754
95,direct_extra_trees,direct,extra_trees,recent_compact,"{""max_depth"": 4, ""max_features"": 1.0, ""min_samples_leaf"": 5}",1,0.6442144752232143,46.139931107483484,72.21809560785778,0.4780661961143035,-33.36708688526184
95,direct_extra_trees,direct,extra_trees,recent_compact,"{""max_depth"": 4, ""max_features"": 1.0, ""min_samples_leaf"": 5}",2,0.5289670871627462,43.16392638192903,58.96294906526894,0.445939910447355,-28.39879529365068
95,direct_extra_trees,direct,extra_trees,recent_compact,"{""max_depth"": 4, ""max_features"": 1.0, ""min_samples_leaf"": 5}",3,0.4825596445205143,34.92988543115854,47.191710591447226,0.3924759712725623,-21.198287286991484
96,additive_residual_extra_trees,additive_residual,extra_trees,recent_compact,"{""max_depth"": 4, ""max_features"": 1.0, ""min_samples_leaf"": 5}",1,0.6531753778651594,48.73164906283948,75.15533927508037,0.4813295971811108,-26.814325864112735
96,additive_residual_extra_trees,additive_residual,extra_trees,recent_compact,"{""max_depth"": 4, ""max_features"": 1.0, ""min_samples_leaf"": 5}",2,0.4974818362276962,41.2064106537007,56.12050491216362,0.42313871712513956,-25.452268295072734
96,additive_residual_extra_trees,additive_residual,extra_trees,recent_compact,"{""max_depth"": 4, ""max_features"": 1.0, ""min_samples_leaf"": 5}",3,0.4616323525879716,33.780114560732024,46.00590716672615,0.3782659270235395,-19.517794271341415
97,log_residual_extra_trees,log_residual,extra_trees,recent_compact,"{""max_depth"": 4, ""max_features"": 1.0, ""min_samples_leaf"": 5}",1,0.6954008588874444,47.53447365120521,75.52201128086948,0.45556758250609763,-35.88000376792926
97,log_residual_extra_trees,log_residual,extra_trees,recent_compact,"{""max_depth"": 4, ""max_features"": 1.0, ""min_samples_leaf"": 5}",2,0.5040760845176262,42.57641202476829,59.544817529529055,0.410684724102623,-32.73931500984785
97,log_residual_extra_trees,log_residual,extra_trees,recent_compact,"{""max_depth"": 4, ""max_features"": 1.0, ""min_samples_leaf"": 5}",3,0.484083277685108,35.15253452622435,50.14486445519453,0.36993981693763334,-27.06011325749538
98,blend_direct_extra_trees,blend_direct,extra_trees,recent_compact,"{""blend_weight"": 0.2, ""max_depth"": 4, ""max_features"": 1.0, ""min_samples_leaf"": 5}",1,0.7276120020139375,50.90730828009448,82.39011194073152,0.4465488077769368,-20.84311434674933
98,blend_direct_extra_trees,blend_direct,extra_trees,recent_compact,"{""blend_weight"": 0.2, ""max_depth"": 4, ""max_features"": 1.0, ""min_samples_leaf"": 5}",2,0.49043687603474306,37.85973668112118,52.91406325569341,0.3786852442113149,-20.86763784660892
98,blend_direct_extra_trees,blend_direct,extra_trees,recent_compact,"{""blend_weight"": 0.2, ""max_depth"": 4, ""max_features"": 1.0, ""min_samples_leaf"": 5}",3,0.42591555413785037,25.060034533886906,34.00146948409651,0.29836051293240784,-10.409354427095264
99,blend_direct_extra_trees,blend_direct,extra_trees,recent_compact,"{""blend_weight"": 0.4, ""max_depth"": 4, ""max_features"": 1.0, ""min_samples_leaf"": 5}",1,0.6864281540899746,48.15505373961047,77.73820830531054,0.4510198999919199,-23.97410748137747
99,blend_direct_extra_trees,blend_direct,extra_trees,recent_compact,"{""blend_weight"": 0.4, ""max_depth"": 4, ""max_features"": 1.0, ""min_samples_leaf"": 5}",2,0.4781101909967055,37.52870533769471,53.41039859099762,0.38712159764507975,-22.750427208369363
99,blend_direct_extra_trees,blend_direct,extra_trees,recent_compact,"{""blend_weight"": 0.4, ""max_depth"": 4, ""max_features"": 1.0, ""min_samples_leaf"": 5}",3,0.40955783312880606,25.866408675231355,35.20250348387479,0.3103243658201294,-13.10658764206932
100,blend_direct_extra_trees,blend_direct,extra_trees,recent_compact,"{""blend_weight"": 0.6, ""max_depth"": 4, ""max_features"": 1.0, ""min_samples_leaf"": 5}",1,0.659519573187469,45.76496196944907,74.38289895373094,0.452160710351991,-27.105100616005597
100,blend_direct_extra_trees,blend_direct,extra_trees,recent_compact,"{""blend_weight"": 0.6, ""max_depth"": 4, ""max_features"": 1.0, ""min_samples_leaf"": 5}",2,0.4830513916744553,39.173584394323875,54.617305732684,0.40522024875400986,-24.6332165701298
100,blend_direct_extra_trees,blend_direct,extra_trees,recent_compact,"{""blend_weight"": 0.6, ""max_depth"": 4, ""max_features"": 1.0, ""min_samples_leaf"": 5}",3,0.4172367706667713,28.709446410210276,38.01860899518113,0.3371238225944346,-15.803820857043377
101,blend_direct_extra_trees,blend_direct,extra_trees,recent_compact,"{""blend_weight"": 0.8, ""max_depth"": 4, ""max_features"": 1.0, ""min_samples_leaf"": 5}",1,0.6451993530859824,45.68467215871406,72.50441658498853,0.46561899267170387,-30.23609375063372
101,blend_direct_extra_trees,blend_direct,extra_trees,recent_compact,"{""blend_weight"": 0.8, ""max_depth"": 4, ""max_features"": 1.0, ""min_samples_leaf"": 5}",2,0.5008930528846121,41.044577172229786,56.489258392832774,0.42362777332315177,-26.516005931890245
101,blend_direct_extra_trees,blend_direct,extra_trees,recent_compact,"{""blend_weight"": 0.8, ""max_depth"": 4, ""max_features"": 1.0, ""min_samples_leaf"": 5}",3,0.4429056516297148,31.819665920684407,42.12712976535073,0.36496368837245896,-18.501054072017432
102,direct_extra_trees,direct,extra_trees,recent_compact,"{""max_depth"": 8, ""max_features"": 1.0, ""min_samples_leaf"": 10}",1,0.6458998201403738,45.72103874728347,71.69065418350503,0.47637864681448094,-33.22892166415028
102,direct_extra_trees,direct,extra_trees,recent_compact,"{""max_depth"": 8, ""max_features"": 1.0, ""min_samples_leaf"": 10}",2,0.5030079682378925,41.65247072462159,57.93205872130176,0.42502033854047133,-27.99526085402223
102,direct_extra_trees,direct,extra_trees,recent_compact,"{""max_depth"": 8, ""max_features"": 1.0, ""min_samples_leaf"": 10}",3,0.4848192196745602,35.55346882346467,47.91120951497611,0.40080375904748,-20.16042519070989
103,additive_residual_extra_trees,additive_residual,extra_trees,recent_compact,"{""max_depth"": 8, ""max_features"": 1.0, ""min_samples_leaf"": 10}",1,0.6732477905935939,50.309342165017135,77.59353342410435,0.49496943748212696,-27.48262111524538
103,additive_residual_extra_trees,additive_residual,extra_trees,recent_compact,"{""max_depth"": 8, ""max_features"": 1.0, ""min_samples_leaf"": 10}",2,0.48728912970536825,41.04369963824862,57.50204551844433,0.4118282548902153,-28.047320596417922
103,additive_residual_extra_trees,additive_residual,extra_trees,recent_compact,"{""max_depth"": 8, ""max_features"": 1.0, ""min_samples_leaf"": 10}",3,0.4672428380860695,34.06054919593484,46.127713330713476,0.38526863593421884,-20.048255905863183
104,log_residual_extra_trees,log_residual,extra_trees,recent_compact,"{""max_depth"": 8, ""max_features"": 1.0, ""min_samples_leaf"": 10}",1,0.7080206434216406,48.80100902030774,77.00074673025406,0.4748725695557734,-37.15708367282303
104,log_residual_extra_trees,log_residual,extra_trees,recent_compact,"{""max_depth"": 8, ""max_features"": 1.0, ""min_samples_leaf"": 10}",2,0.5083792417253841,43.036181886271365,60.9999384827304,0.41362343566862775,-34.74141467903721
104,log_residual_extra_trees,log_residual,extra_trees,recent_compact,"{""max_depth"": 8, ""max_features"": 1.0, ""min_samples_leaf"": 10}",3,0.4816404924096645,35.166038363395735,49.2132158005646,0.37909506242222724,-26.79155647901198
105,blend_direct_extra_trees,blend_direct,extra_trees,recent_compact,"{""blend_weight"": 0.2, ""max_depth"": 8, ""max_features"": 1.0, ""min_samples_leaf"": 10}",1,0.7290126729223787,50.749340796054646,82.1384202000357,0.44573638501365437,-20.815481302527022
105,blend_direct_extra_trees,blend_direct,extra_trees,recent_compact,"{""blend_weight"": 0.2, ""max_depth"": 8, ""max_features"": 1.0, ""min_samples_leaf"": 10}",2,0.48909498377168,37.607987424158544,52.71070336002588,0.37245070510739126,-20.786930958683225
105,blend_direct_extra_trees,blend_direct,extra_trees,recent_compact,"{""blend_weight"": 0.2, ""max_depth"": 8, ""max_features"": 1.0, ""min_samples_leaf"": 10}",3,0.4352127171655534,25.105892700514982,34.009092786577746,0.30108050820932847,-10.201782007838943
106,blend_direct_extra_trees,blend_direct,extra_trees,recent_compact,"{""blend_weight"": 0.4, ""max_depth"": 8, ""max_features"": 1.0, ""min_samples_leaf"": 10}",1,0.6882566302179325,47.847166440594144,77.28856951678053,0.4500456460465371,-23.918841392932844
106,blend_direct_extra_trees,blend_direct,extra_trees,recent_compact,"{""blend_weight"": 0.4, ""max_depth"": 8, ""max_features"": 1.0, ""min_samples_leaf"": 10}",2,0.47136444209479017,36.93512650809487,52.9943423573914,0.37603030053315045,-22.589013432517984
106,blend_direct_extra_trees,blend_direct,extra_trees,recent_compact,"{""blend_weight"": 0.4, ""max_depth"": 8, ""max_features"": 1.0, ""min_samples_leaf"": 10}",3,0.42008845826962143,26.200253794956765,35.3105734027144,0.31353152394192035,-12.691442803556686
107,blend_direct_extra_trees,blend_direct,extra_trees,recent_compact,"{""blend_weight"": 0.6, ""max_depth"": 8, ""max_features"": 1.0, ""min_samples_leaf"": 10}",1,0.6612442210614986,45.23028355287118,73.81008682421366,0.4499303308758431,-27.022201483338655
107,blend_direct_extra_trees,blend_direct,extra_trees,recent_compact,"{""blend_weight"": 0.6, ""max_depth"": 8, ""max_features"": 1.0, ""min_samples_leaf"": 10}",2,0.46962615255635937,38.317190755845814,53.98776289849038,0.39098873132602385,-24.39109590635273
107,blend_direct_extra_trees,blend_direct,extra_trees,recent_compact,"{""blend_weight"": 0.6, ""max_depth"": 8, ""max_features"": 1.0, ""min_samples_leaf"": 10}",3,0.4255244497929714,29.083596445593955,38.29778403710765,0.3415491854837356,-15.18110359927442
108,blend_direct_extra_trees,blend_direct,extra_trees,recent_compact,"{""blend_weight"": 0.8, ""max_depth"": 8, ""max_features"": 1.0, ""min_samples_leaf"": 10}",1,0.6466557005499186,45.34955827055405,71.9022801453532,0.46471446397934524,-30.12556157374447
108,blend_direct_extra_trees,blend_direct,extra_trees,recent_compact,"{""blend_weight"": 0.8, ""max_depth"": 8, ""max_features"": 1.0, ""min_samples_leaf"": 10}",2,0.48085260970739435,39.90271898759241,55.65296857654822,0.4066354739368896,-26.19317838018749
108,blend_direct_extra_trees,blend_direct,extra_trees,recent_compact,"{""blend_weight"": 0.8, ""max_depth"": 8, ""max_features"": 1.0, ""min_samples_leaf"": 10}",3,0.4479803639430253,32.31853263452932,42.6177122396243,0.3713519530752333,-17.670764394992155
109,direct_extra_trees,direct,extra_trees,recent_compact,"{""max_depth"": 8, ""max_features"": 1.0, ""min_samples_leaf"": 20}",1,0.6461919528088046,47.166358418424096,72.55261756239726,0.48792787612099225,-35.44887132718614
109,direct_extra_trees,direct,extra_trees,recent_compact,"{""max_depth"": 8, ""max_features"": 1.0, ""min_samples_leaf"": 20}",2,0.5586242290422144,45.020115513585075,62.37362785736745,0.4658438015860344,-31.476593427720196
109,direct_extra_trees,direct,extra_trees,recent_compact,"{""max_depth"": 8, ""max_features"": 1.0, ""min_samples_leaf"": 20}",3,0.5218579553804927,38.4654687729036,52.551532559248606,0.42500293533390193,-24.507857287445116
110,additive_residual_extra_trees,additive_residual,extra_trees,recent_compact,"{""max_depth"": 8, ""max_features"": 1.0, ""min_samples_leaf"": 20}",1,0.6843953909038187,51.55157666605669,80.96926702910433,0.49595495321258487,-26.025650345633924
110,additive_residual_extra_trees,additive_residual,extra_trees,recent_compact,"{""max_depth"": 8, ""max_features"": 1.0, ""min_samples_leaf"": 20}",2,0.48707749797093247,40.2692615663394,55.947118081541866,0.4136054121698909,-27.284386161078125
110,additive_residual_extra_trees,additive_residual,extra_trees,recent_compact,"{""max_depth"": 8, ""max_features"": 1.0, ""min_samples_leaf"": 20}",3,0.4375594067698442,30.5006673327722,40.86684038659182,0.3572812139853197,-17.921967514377588
111,log_residual_extra_trees,log_residual,extra_trees,recent_compact,"{""max_depth"": 8, ""max_features"": 1.0, ""min_samples_leaf"": 20}",1,0.7105852398932258,49.47160598617261,78.2857196905488,0.4679831323269552,-33.85233133636386
111,log_residual_extra_trees,log_residual,extra_trees,recent_compact,"{""max_depth"": 8, ""max_features"": 1.0, ""min_samples_leaf"": 20}",2,0.4939832703465696,41.48259640708775,58.023305407988865,0.40356305725118086,-32.54916777446493
111,log_residual_extra_trees,log_residual,extra_trees,recent_compact,"{""max_depth"": 8, ""max_features"": 1.0, ""min_samples_leaf"": 20}",3,0.45657874935540127,31.530568185384457,42.98849063546913,0.35064177439221916,-23.09263548652716
112,blend_direct_extra_trees,blend_direct,extra_trees,recent_compact,"{""blend_weight"": 0.2, ""max_depth"": 8, ""max_features"": 1.0, ""min_samples_leaf"": 20}",1,0.7214731910388021,50.49694104368002,81.87146953176119,0.44585460357525,-21.259471235134193
112,blend_direct_extra_trees,blend_direct,extra_trees,recent_compact,"{""blend_weight"": 0.2, ""max_depth"": 8, ""max_features"": 1.0, ""min_samples_leaf"": 20}",2,0.4903679974639987,37.9734145137652,53.169512603840325,0.38150872333576513,-21.48319747342282
112,blend_direct_extra_trees,blend_direct,extra_trees,recent_compact,"{""blend_weight"": 0.2, ""max_depth"": 8, ""max_features"": 1.0, ""min_samples_leaf"": 20}",3,0.42497402092000064,25.05164217840962,34.5140000053149,0.298538947338342,-11.071268427185991
113,blend_direct_extra_trees,blend_direct,extra_trees,recent_compact,"{""blend_weight"": 0.4, ""max_depth"": 8, ""max_features"": 1.0, ""min_samples_leaf"": 20}",1,0.6778226321953219,47.342366935844886,76.94337135347386,0.44849323596630486,-24.806821258147185
113,blend_direct_extra_trees,blend_direct,extra_trees,recent_compact,"{""blend_weight"": 0.4, ""max_depth"": 8, ""max_features"": 1.0, ""min_samples_leaf"": 20}",2,0.48194429068156086,38.00743031962636,54.17290057828218,0.39335421987298386,-23.981546461997162
113,blend_direct_extra_trees,blend_direct,extra_trees,recent_compact,"{""blend_weight"": 0.4, ""max_depth"": 8, ""max_features"": 1.0, ""min_samples_leaf"": 20}",3,0.41412465460496195,27.05631480527613,36.679030222233216,0.32057089294790875,-14.430415642250777
114,blend_direct_extra_trees,blend_direct,extra_trees,recent_compact,"{""blend_weight"": 0.6, ""max_depth"": 8, ""max_features"": 1.0, ""min_samples_leaf"": 20}",1,0.6510608219521599,45.48779137349092,73.61762572825637,0.4530967751426063,-28.354171281160173
114,blend_direct_extra_trees,blend_direct,extra_trees,recent_compact,"{""blend_weight"": 0.6, ""max_depth"": 8, ""max_features"": 1.0, ""min_samples_leaf"": 20}",2,0.49343271837167774,40.1458263147638,56.10570900394945,0.4154306784911297,-26.479895450571508
114,blend_direct_extra_trees,blend_direct,extra_trees,recent_compact,"{""blend_weight"": 0.6, ""max_depth"": 8, ""max_features"": 1.0, ""min_samples_leaf"": 20}",3,0.43094734295043174,30.787590268173098,40.724327392794585,0.3550439979848315,-17.789562857315556
115,blend_direct_extra_trees,blend_direct,extra_trees,recent_compact,"{""blend_weight"": 0.8, ""max_depth"": 8, ""max_features"": 1.0, ""min_samples_leaf"": 20}",1,0.6397057184121445,46.029176376775766,72.11625885451399,0.4702387271360978,-31.90152130417316
115,blend_direct_extra_trees,blend_direct,extra_trees,recent_compact,"{""blend_weight"": 0.8, ""max_depth"": 8, ""max_features"": 1.0, ""min_samples_leaf"": 20}",2,0.5198840500707571,42.437304532080184,58.87647533475624,0.43839431481881647,-28.97824443914585
115,blend_direct_extra_trees,blend_direct,extra_trees,recent_compact,"{""blend_weight"": 0.8, ""max_depth"": 8, ""max_features"": 1.0, ""min_samples_leaf"": 20}",3,0.4681577447424004,34.59052439796817,46.15815146886781,0.38942959245085684,-21.148710072380343
116,direct_extra_trees,direct,extra_trees,recent_compact,"{""max_depth"": 4, ""max_features"": ""sqrt"", ""min_samples_leaf"": 10}",1,0.716448867695736,51.257907704566726,76.22593846761325,0.533566560208011,-39.12216454715986
116,direct_extra_trees,direct,extra_trees,recent_compact,"{""max_depth"": 4, ""max_features"": ""sqrt"", ""min_samples_leaf"": 10}",2,0.6649495159110037,49.53406226888455,68.003963614762,0.5161714126689527,-35.99099585977771
116,direct_extra_trees,direct,extra_trees,recent_compact,"{""max_depth"": 4, ""max_features"": ""sqrt"", ""min_samples_leaf"": 10}",3,0.6376519668901556,44.70054114794957,59.90499512611532,0.488960330531216,-30.608550618510414
117,additive_residual_extra_trees,additive_residual,extra_trees,recent_compact,"{""max_depth"": 4, ""max_features"": ""sqrt"", ""min_samples_leaf"": 10}",1,0.6730331277517878,49.68387908291975,80.04309714914694,0.466102809491547,-19.927390572698375
117,additive_residual_extra_trees,additive_residual,extra_trees,recent_compact,"{""max_depth"": 4, ""max_features"": ""sqrt"", ""min_samples_leaf"": 10}",2,0.47833041824866646,37.26118533954547,52.71389815577772,0.39144279111304664,-20.843175790943818
117,additive_residual_extra_trees,additive_residual,extra_trees,recent_compact,"{""max_depth"": 4, ""max_features"": ""sqrt"", ""min_samples_leaf"": 10}",3,0.4195513058458624,27.0968998358929,36.04631171374911,0.3286672469399552,-11.734601725613288
118,log_residual_extra_trees,log_residual,extra_trees,recent_compact,"{""max_depth"": 4, ""max_features"": ""sqrt"", ""min_samples_leaf"": 10}",1,0.7057800966090754,46.43969792933794,76.4640631014387,0.43065950603617886,-25.983772263927595
118,log_residual_extra_trees,log_residual,extra_trees,recent_compact,"{""max_depth"": 4, ""max_features"": ""sqrt"", ""min_samples_leaf"": 10}",2,0.4816426821131337,38.02977989610081,53.66552533110711,0.37467345027696963,-24.894770702904246
118,log_residual_extra_trees,log_residual,extra_trees,recent_compact,"{""max_depth"": 4, ""max_features"": ""sqrt"", ""min_samples_leaf"": 10}",3,0.4442928800919242,28.115179645772113,37.78209073391138,0.32279049954333494,-15.74197293103731
119,blend_direct_extra_trees,blend_direct,extra_trees,recent_compact,"{""blend_weight"": 0.2, ""max_depth"": 4, ""max_features"": ""sqrt"", ""min_samples_leaf"": 10}",1,0.7134772888243831,50.53560232556631,81.82995723662357,0.4583911532723876,-21.99412987912893
119,blend_direct_extra_trees,blend_direct,extra_trees,recent_compact,"{""blend_weight"": 0.2, ""max_depth"": 4, ""max_features"": ""sqrt"", ""min_samples_leaf"": 10}",2,0.49269117150477393,38.676114067689554,53.73408677480742,0.4009144919777881,-22.386077959834324
119,blend_direct_extra_trees,blend_direct,extra_trees,recent_compact,"{""blend_weight"": 0.2, ""max_depth"": 4, ""max_features"": ""sqrt"", ""min_samples_leaf"": 10}",3,0.4176118493972727,25.103828794329193,35.06987004455416,0.3048485661396335,-12.29140709339905
120,blend_direct_extra_trees,blend_direct,extra_trees,recent_compact,"{""blend_weight"": 0.4, ""max_depth"": 4, ""max_features"": ""sqrt"", ""min_samples_leaf"": 10}",1,0.6805502350528111,47.49334716402123,77.23172988051077,0.4644227819088536,-26.276138546136675
120,blend_direct_extra_trees,blend_direct,extra_trees,recent_compact,"{""blend_weight"": 0.4, ""max_depth"": 4, ""max_features"": ""sqrt"", ""min_samples_leaf"": 10}",2,0.5082436808745788,40.07136602602072,55.66545279683077,0.4271104783182656,-25.78730743482017
120,blend_direct_extra_trees,blend_direct,extra_trees,recent_compact,"{""blend_weight"": 0.4, ""max_depth"": 4, ""max_features"": ""sqrt"", ""min_samples_leaf"": 10}",3,0.4341086686267153,28.67044566574287,38.54951527035679,0.3410982760460202,-16.870692974676892
121,blend_direct_extra_trees,blend_direct,extra_trees,recent_compact,"{""blend_weight"": 0.6, ""max_depth"": 4, ""max_features"": ""sqrt"", ""min_samples_leaf"": 10}",1,0.6720348034122744,47.25843929037696,74.65463682173942,0.4811935486365412,-30.558147213144398
121,blend_direct_extra_trees,blend_direct,extra_trees,recent_compact,"{""blend_weight"": 0.6, ""max_depth"": 4, ""max_features"": ""sqrt"", ""min_samples_leaf"": 10}",2,0.5473371216929219,43.114624796606826,58.80989698931044,0.45651849512056236,-29.18853690980602
121,blend_direct_extra_trees,blend_direct,extra_trees,recent_compact,"{""blend_weight"": 0.6, ""max_depth"": 4, ""max_features"": ""sqrt"", ""min_samples_leaf"": 10}",3,0.4841912604582497,33.542000598375346,44.323511644254005,0.384871496108426,-21.44997885595473
122,blend_direct_extra_trees,blend_direct,extra_trees,recent_compact,"{""blend_weight"": 0.8, ""max_depth"": 4, ""max_features"": ""sqrt"", ""min_samples_leaf"": 10}",1,0.6832221167458494,48.39004026595716,74.30925916261404,0.5015343840987597,-34.84015588015213
122,blend_direct_extra_trees,blend_direct,extra_trees,recent_compact,"{""blend_weight"": 0.8, ""max_depth"": 4, ""max_features"": ""sqrt"", ""min_samples_leaf"": 10}",2,0.6004991517795513,46.15788356719295,62.98599945999003,0.483578453427524,-32.589766384791865
122,blend_direct_extra_trees,blend_direct,extra_trees,recent_compact,"{""blend_weight"": 0.8, ""max_depth"": 4, ""max_features"": ""sqrt"", ""min_samples_leaf"": 10}",3,0.5531174926240716,38.910394786697026,51.627719837684715,0.4334284527501348,-26.029264737232566
